date,index_point_usd,index_point_krw,daily_return,phase,leveraged_etf_weight,data_lag_days
2020-01-06 00:00:00,1000.0,1000.0,0.0,1A,,
2020-01-13 00:00:00,1019.36280206606,1008.3533764827472,0.01936280206606,1A,,
2020-01-20 00:00:00,1015.2317215975244,1008.3189357991928,-0.0040526105721757,1A,,
2020-01-27 00:00:00,1010.2356508289153,1019.0093237017484,-0.0049211137342593,1A,,
2020-02-03 00:00:00,1048.0763744306437,1068.929105063779,0.0374573235172204,1A,,
2020-02-10 00:00:00,1076.588657055937,1095.5928129210938,0.0272043939935027,1A,,
2020-02-17 00:00:00,1075.0567457550042,1091.4418863822186,-0.0014229309317838,1A,,
2020-02-24 00:00:00,978.5731926057543,1021.8293528633714,-0.0897474049906918,1A,,
2020-03-02 00:00:00,986.98787436686,1005.712206664323,0.008598929364393,1A,,
2020-03-09 00:00:00,896.0430947659195,921.66055211568,-0.0921437658586032,1A,,
2020-03-16 00:00:00,806.0737569250655,851.1632401762697,-0.1004073781343712,1A,,
2020-03-23 00:00:00,878.4497128342052,957.7807431206476,0.0897882548431209,1A,,
2020-03-30 00:00:00,857.8476614553921,899.8377894592426,-0.0234527384753115,1A,,
2020-04-06 00:00:00,938.1543871784928,984.0191413839711,0.0936142037000547,1A,,
2020-04-13 00:00:00,1000.8595593039192,1042.3491638384269,0.0668388625394727,1A,,
2020-04-20 00:00:00,990.1426893167304,1035.1399238015929,-0.0107076661131578,1A,,
2020-04-27 00:00:00,980.3768511895508,1026.4668896987448,-0.0098630613875651,1A,,
2020-05-04 00:00:00,1028.0761021238077,1077.9319287213702,0.0486539955287401,1A,,
2020-05-11 00:00:00,1022.6384085099752,1071.5561130521676,-0.0052891936721408,1A,,
2020-05-18 00:00:00,1055.872138846306,1108.0571244334506,0.0324980267314169,1A,,
2020-05-25 00:00:00,1071.766716297075,1139.135381983671,0.0150535058801114,1A,,
2020-06-01 00:00:00,1127.2161394335674,1180.788738338265,0.0517364668013471,1A,,
2020-06-08 00:00:00,1112.363030725946,1139.3156071581952,-0.0131768062823206,1A,,
2020-06-15 00:00:00,1134.7976289163155,1174.7346210813191,0.0201684140614852,1A,,
2020-06-22 00:00:00,1111.4664285772765,1151.4200463848308,-0.0205597894677655,1A,,
2020-06-29 00:00:00,1176.5839513066933,1208.932048909339,0.0585870351592805,1A,,
2020-07-06 00:00:00,1245.0750221047986,1271.190928175019,0.0582118009701222,1A,,
2020-07-13 00:00:00,1239.128674075729,1277.664391431316,-0.0047758953665439,1A,,
2020-07-20 00:00:00,1222.6564203369562,1257.6953766428203,-0.0132934166429964,1A,,
2020-07-27 00:00:00,1249.0546942988155,1279.5546680341774,0.0215909175486799,1A,,
2020-08-03 00:00:00,1286.2555864761282,1313.956858121219,0.0297832371529545,1A,,
2020-08-10 00:00:00,1309.2080717856686,1329.9749133094194,0.0178444203087363,1A,,
2020-08-17 00:00:00,1384.1301200529113,1403.844810429834,0.0572269984289465,1A,,
2020-08-24 00:00:00,1442.474811940746,1469.0125136096,0.0421526062055528,1A,,
2020-08-31 00:00:00,1387.7324962670782,1412.116110094992,-0.0379502749167704,1A,,
2020-09-07 00:00:00,1313.687482453337,1336.4268911521465,-0.0533568349901137,1A,,
2020-09-14 00:00:00,1354.3391173477053,1370.9557433506566,0.0309446770539751,1A,,
2020-09-21 00:00:00,1345.2500328460849,1342.1160781976373,-0.0067110846797515,1A,,
2020-09-28 00:00:00,1366.2645435870602,1366.0188041354231,0.0156212675918066,1A,,
2020-10-05 00:00:00,1420.6048469293555,1408.1090336281422,0.0397729002024948,1A,,
2020-10-12 00:00:00,1428.5156663369287,1404.93872220531,0.0055686276339775,1A,,
2020-10-19 00:00:00,1401.0506145153226,1368.6511090578613,-0.0192262867456211,1A,,
2020-10-26 00:00:00,1315.3240225636898,1275.832532952047,-0.0611873625859612,1A,,
2020-11-02 00:00:00,1438.8745933671837,1396.4130289812283,0.093931661464437,1A,,
2020-11-09 00:00:00,1421.0538210726927,1362.498458323192,-0.0123852157628189,1A,,
2020-11-16 00:00:00,1487.8410085641276,1410.8722901108806,0.0469983518576516,1A,,
2020-11-23 00:00:00,1597.183181851706,1523.928565910633,0.0734904957305224,1A,,
2020-11-30 00:00:00,1625.471032590921,1545.0857012830652,0.0177110872820603,1A,,
2020-12-07 00:00:00,1618.6152933730098,1503.5088938656943,-0.0042176938748537,1A,,
2020-12-14 00:00:00,1701.120220358132,1592.9607599806905,0.0509725364161062,1A,,
2020-12-21 00:00:00,1686.5023584233716,1595.1397953257335,-0.0085930798774956,1A,,
2020-12-28 00:00:00,1722.3364873934863,1618.684449565278,0.0212476008652691,1A,,
2021-01-04 00:00:00,1873.9104988664328,1744.1237876988405,0.0880048774338702,1A,,
2021-01-11 00:00:00,1833.2594548330328,1723.0654189460704,-0.0216931620042635,1A,,
2021-01-18 00:00:00,1941.1235477115708,1835.7513094934416,0.0588373307412516,1A,,
2021-01-25 00:00:00,1893.0255444564368,1787.8484511431263,-0.0247784347945485,1A,,
2021-02-01 00:00:00,2002.3160596852545,1916.3709525120669,0.0577332490567099,1A,,
2021-02-08 00:00:00,2029.735009139196,1942.369620735782,0.0136936171097043,1A,,
2021-02-15 00:00:00,1955.9053225626608,1846.5980301775048,-0.0363740519053498,1A,,
2021-02-22 00:00:00,1791.2242397188782,1706.876104548314,-0.0841968580708267,1A,,
2021-03-01 00:00:00,1681.1171186426086,1603.3217523057522,-0.0614703165771975,1A,,
2021-03-08 00:00:00,1831.9819702435136,1791.6098299728933,0.0897408335968399,1A,,
2021-03-15 00:00:00,1784.623787646874,1731.5693050770506,-0.025850790764248,1A,,
2021-03-22 00:00:00,1727.2429162276828,1666.5003469890069,-0.0321529231070326,1A,,
2021-03-29 00:00:00,1799.7235543197305,1745.7731582791066,0.0419631989288142,1A,,
2021-04-05 00:00:00,1850.878586052605,1783.4656806157222,0.0284238274317693,1A,,
2021-04-12 00:00:00,1904.2022074877216,1835.1651734655256,0.0288098970061783,1A,,
2021-04-19 00:00:00,1901.081500736675,1816.3228609058765,-0.0016388526065012,1A,,
2021-04-26 00:00:00,1883.4719554557223,1791.3196588239364,-0.0092629091778173,1A,,
2021-05-03 00:00:00,1815.678638984821,1742.495387802333,-0.0359938019116925,1A,,
2021-05-10 00:00:00,1712.790773242114,1638.4073958077713,-0.0566663414624041,1A,,
2021-05-17 00:00:00,1711.994940837266,1667.0454693656786,-0.0004646407589771,1A,,
2021-05-24 00:00:00,1795.964426281424,1728.4288665364124,0.0490477415798272,1A,,
2021-05-31 00:00:00,1808.3473756142607,1716.230944625997,0.0068948745039881,1A,,
2021-06-07 00:00:00,1834.763672576284,1745.5602398843514,0.0146079770503434,1A,,
2021-06-14 00:00:00,1843.320008538264,1764.0179049813785,0.0046634539858563,1A,,
2021-06-21 00:00:00,1915.033926209732,1856.0112671304064,0.0389047573613307,1A,,
2021-06-28 00:00:00,1946.3013499437493,1884.0479120787584,0.0163273471587542,1A,,
2021-07-05 00:00:00,1930.234384573308,1869.1230806353929,-0.0082551272807298,1A,,
2021-07-12 00:00:00,1875.412537842661,1842.427854858833,-0.0284016527571936,1A,,
2021-07-19 00:00:00,1916.5221888432663,1890.8412905215928,0.0219203242865674,1A,,
2021-07-26 00:00:00,1936.857133250959,1912.2308663840647,0.0106103360170151,1A,,
2021-08-02 00:00:00,1966.3823102572608,1937.4059770084552,0.0152438589813515,1A,,
2021-08-09 00:00:00,1987.2228219460355,1952.3397052447235,0.0105984027521318,1A,,
2021-08-16 00:00:00,1931.1392059922773,1927.657545068116,-0.0282221074226777,1A,,
2021-08-23 00:00:00,2000.880461199776,2004.265074333893,0.036114048635693,1A,,
2021-08-30 00:00:00,2042.2263849994013,2039.6201657784204,0.0206638650341129,1A,,
2021-09-06 00:00:00,2024.8619492017133,2006.9209467140536,-0.0085026987826785,1A,,
2021-09-13 00:00:00,2028.761939513457,2038.9703882395536,0.0019260524468254,1A,,
2021-09-20 00:00:00,2042.8484454454967,2077.5882069004288,0.0069434001386175,1A,,
2021-09-27 00:00:00,1982.6442989256136,2000.754632825406,-0.0294706867041984,1A,,
2021-10-04 00:00:00,1984.423991954326,2013.13929852878,0.0008976360659735,1A,,
2021-10-11 00:00:00,2064.098178124472,2113.934527126946,0.0401497797311347,1A,,
2021-10-18 00:00:00,2164.6078543454296,2198.479677205832,0.048694232321975,1A,,
2021-10-25 00:00:00,2361.333495920458,2362.486293286482,0.0908828087175715,1A,,
2021-11-01 00:00:00,2498.04388498602,2519.439306934237,0.0578954176958693,1A,,
2021-11-08 00:00:00,2380.019460030672,2407.314383263577,-0.0472467380035675,1A,,
2021-11-15 00:00:00,2504.5401845359406,2538.861883594297,0.052319204357961,1A,,
2021-11-22 00:00:00,2399.879383477551,2447.1756462938674,-0.0417884295507049,1A,,
2021-11-29 00:00:00,2298.966582738497,2345.051848479868,-0.0420491135653766,1A,,
2021-12-06 00:00:00,2343.74070546702,2370.037429611062,0.019475760572034,1A,,
2021-12-13 00:00:00,2230.2650294776668,2263.7793670210785,-0.0484164804257823,1A,,
2021-12-20 00:00:00,2373.4924728409555,2418.2561717103563,0.0642199207135635,1A,,
2021-12-27 00:00:00,2357.4794986554066,2395.903934966528,-0.0067465873049019,1A,,
2022-01-03 00:00:00,2265.82148752432,2316.161863510464,-0.0388796641427268,1A,,
2022-01-10 00:00:00,2279.4391760964704,2339.1310572924262,0.0060100447661608,1A,,
2022-01-17 00:00:00,2068.6356949873075,2110.1303059508577,-0.0924804150598845,1A,,
2022-01-24 00:00:00,1982.922901447516,2030.688931975464,-0.0414344554468869,1A,,
2022-01-31 00:00:00,2079.8659908185,2146.1154479757683,0.0488889856989479,1A,,
2022-02-07 00:00:00,2003.1646500069685,2053.537148314725,-0.0368780205792715,1A,,
2022-02-14 00:00:00,1973.77613092788,2024.297131709663,-0.0146710451779322,1A,,
2022-02-21 00:00:00,1953.2975351088232,1998.5347523390665,-0.0103753386709712,1A,,
2022-02-28 00:00:00,1899.733637582068,1954.436646331519,-0.0274222931038367,1A,,
2022-03-07 00:00:00,1814.5330202693224,1915.0770726060969,-0.0448487175397842,1A,,
2022-03-14 00:00:00,2018.7719341426168,2147.499854332515,0.1125572869668583,1A,,
2022-03-21 00:00:00,2123.9262325909526,2215.245819486757,0.0520882506190554,1A,,
2022-03-28 00:00:00,2165.191687011048,2269.5235280395527,0.0194288548193858,1A,,
2022-04-04 00:00:00,2042.550380158024,2124.6505628816667,-0.0566422398482069,1A,,
2022-04-11 00:00:00,1972.225867394186,2085.975644630752,-0.0344297567624243,1A,,
2022-04-18 00:00:00,1916.38035130188,2027.811936873401,-0.0283159839932999,1A,,
2022-04-25 00:00:00,1774.846428013493,1900.5082183897784,-0.0738548186388139,1A,,
2022-05-02 00:00:00,1754.156801263195,1904.510737580313,-0.0116571363154249,1A,,
2022-05-09 00:00:00,1644.43416641563,1795.7636304350615,-0.0625500723587264,1A,,
2022-05-16 00:00:00,1523.3096441098303,1670.8380263837344,-0.0736572644740253,1A,,
2022-05-23 00:00:00,1675.4163817770236,1806.443712124124,0.099852802911964,1A,,
2022-05-30 00:00:00,1626.200780388713,1722.012860010265,-0.0293751463359278,1A,,
2022-06-06 00:00:00,1539.9375903239809,1655.0016173374654,-0.0530458422508643,1A,,
2022-06-13 00:00:00,1447.1934053168093,1601.2883418930758,-0.0602259374600107,1A,,
2022-06-20 00:00:00,1593.5833300790368,1764.180113479101,0.1011543614173537,1A,,
2022-06-27 00:00:00,1488.0658704960858,1639.82167165403,-0.0662139579344857,1A,,
2022-07-04 00:00:00,1602.8153069477107,1779.5209034997588,0.077113143125425,1A,,
2022-07-11 00:00:00,1566.360539532602,1759.009631208303,-0.0227442096772401,1A,,
2022-07-18 00:00:00,1668.659954602782,1885.381660995572,0.0653102606253767,1A,,
2022-07-25 00:00:00,1769.6893123540715,1987.8159944439635,0.0605452042356582,1A,,
2022-08-01 00:00:00,1795.251185771726,2010.800954072635,0.0144442717934773,1A,,
2022-08-08 00:00:00,1854.449875078904,2064.980666594294,0.0329751567782589,1A,,
2022-08-15 00:00:00,1799.245789425335,2021.8322619189075,-0.0297684431353098,1A,,
2022-08-22 00:00:00,1706.621231616757,1964.1287364764,-0.0514796579505469,1A,,
2022-08-29 00:00:00,1606.909075760402,1852.467948364098,-0.0584266467620899,1A,,
2022-09-05 00:00:00,1686.9379892624115,1980.457339461681,0.0498030129452963,1A,,
2022-09-12 00:00:00,1623.582754653316,1912.308376761532,-0.0375563506260219,1A,,
2022-09-19 00:00:00,1516.2553292123428,1805.5562642295013,-0.0661053002277613,1A,,
2022-09-26 00:00:00,1458.8903572118509,1787.5830179028333,-0.037833319293454,1A,,
2022-10-03 00:00:00,1388.1520384897967,1704.8127787784097,-0.0484877553493774,1A,,
2022-10-10 00:00:00,1313.9658579940972,1608.2790848797529,-0.0534424028771433,1A,,
2022-10-17 00:00:00,1394.8658112655835,1710.812068800354,0.0615692963247832,1A,,
2022-10-24 00:00:00,1444.092571944259,1787.1690713155106,0.0352913952590256,1A,,
2022-10-31 00:00:00,1343.6775043417654,1642.2865711576533,-0.0695350627469119,1A,,
2022-11-07 00:00:00,1428.0738028617077,1704.341429238403,0.0628099363479973,1A,,
2022-11-14 00:00:00,1375.0204001402012,1559.5698638114218,-0.0371503227740703,1A,,
2022-11-21 00:00:00,1386.0736200464971,1614.0665615055484,0.0080385861221905,1A,,
2022-11-28 00:00:00,1431.6256142153384,1644.5559527303308,0.0328640510215562,1A,,
2022-12-05 00:00:00,1355.6023610966722,1516.025447047482,-0.0531027472292983,1A,,
2022-12-12 00:00:00,1418.5181524386103,1588.0147671279717,0.0464116861607112,1A,,
2022-12-19 00:00:00,1322.42014274123,1474.2896011326256,-0.0677453506902084,1A,,
2022-12-26 00:00:00,1314.3076322362513,1435.150179360649,-0.0061345938728386,1A,,
2023-01-02 00:00:00,1310.391182416873,1425.2788056551678,-0.0029798577770671,1B,,
2023-01-09 00:00:00,1395.788158249191,1482.0237082811425,0.0651690708684501,1B,,
2023-01-16 00:00:00,1446.680161833004,1538.8912153494075,0.0364611229025254,1B,,
2023-01-23 00:00:00,1609.0964869544869,1695.6731436663313,0.1122683018724017,1B,,
2023-01-30 00:00:00,1682.2945810478109,1774.9709209815148,0.0454901832716477,1B,,
2023-02-06 00:00:00,1659.0769927887932,1792.5068204831882,-0.0138011431057197,1B,,
2023-02-13 00:00:00,1690.6241205063106,1843.7498705692988,0.0190148666123619,1B,,
2023-02-20 00:00:00,1621.4762982805232,1800.433641625986,-0.0409007664016285,1B,,
2023-02-27 00:00:00,1665.2943130469191,1880.4307237739329,0.0270235308483155,1B,,
2023-03-06 00:00:00,1554.003159452745,1727.423661748897,-0.0668297205618563,1B,,
2023-03-13 00:00:00,1640.5092456265822,1822.297835676916,0.0556666089432541,1B,,
2023-03-20 00:00:00,1690.1540284944713,1889.4661472834512,0.0302618123001966,1B,,
2023-03-27 00:00:00,1775.6514773706012,1974.5598475830968,0.0505855960076537,1B,,
2023-04-03 00:00:00,1714.5397348081935,1922.3591730127016,-0.0344165188615181,1B,,
2023-04-10 00:00:00,1731.7567063486645,1959.3282499567667,0.0100417454264466,1B,,
2023-04-17 00:00:00,1674.029241990637,1891.892772190779,-0.0333346272870762,1B,,
2023-05-01 00:00:00,1719.8843186107715,1978.4282017353817,0.0273920403956664,1B,,
2023-05-08 00:00:00,1724.3179955917126,1952.817156472481,0.00257789255531,1B,,
2023-05-15 00:00:00,1813.677346428485,2074.9965690833656,0.0518230112225372,1B,,
2023-05-29 00:00:00,1992.2636688390428,2260.8513755038903,0.0984664238996159,1B,,
2023-06-05 00:00:00,2061.0282149175773,2297.2178541275293,0.034515785813936,1B,,
2023-06-12 00:00:00,2162.4970956992734,2379.754375261373,0.0492321648230097,1B,,
2023-06-19 00:00:00,2116.311193881941,2326.019151996446,-0.0213576711428588,1B,,
2023-07-03 00:00:00,2187.736247002,2444.6204334958325,0.0337497875201634,1B,,
2023-07-10 00:00:00,2270.4941788755164,2527.6642623704915,0.0378281120436366,1B,,
2023-07-17 00:00:00,2204.6793768071752,2386.256314072736,-0.0289869944088279,1B,,
2023-07-24 00:00:00,2276.8895006451685,2497.868065999932,0.0327531180259725,1B,,
2023-07-31 00:00:00,2180.246372427215,2386.999668493491,-0.0424452430346615,1B,,
2023-08-07 00:00:00,2097.489084762142,2349.552099496268,-0.0379577687694724,1B,,
2023-08-14 00:00:00,2005.3557310795225,2297.8649878042283,-0.0439255461932798,1B,,
2023-08-21 00:00:00,2094.0359966977744,2404.4754522019184,0.0442217130077533,1B,,
2023-08-28 00:00:00,2184.257360347363,2477.31631705915,0.0430849153461854,1B,,
2023-09-04 00:00:00,2153.228085692822,2431.427455940828,-0.0142058693347409,1B,,
2023-09-11 00:00:00,2183.624450276189,2480.647572917093,0.0141166487588271,1B,,
2023-09-18 00:00:00,2041.250186007755,2314.8335867387013,-0.0652008930612708,1B,,
2023-09-25 00:00:00,2065.114498807068,2369.1350250562145,0.0116910278626777,1B,,
2023-10-02 00:00:00,2114.734602356772,2458.16434297213,0.0240277735584961,1B,,
2023-10-09 00:00:00,2151.9997389092696,2483.96204746408,0.0176216611346726,1B,,
2023-10-16 00:00:00,1989.9280987483887,2297.9122341113066,-0.075312109583724,1B,,
2023-10-23 00:00:00,1925.316770593511,2215.484612535241,-0.0324691772509354,1B,,
2023-10-30 00:00:00,2073.8875739747014,2391.7222660240723,0.0771669398253834,1B,,
2023-11-06 00:00:00,2109.6903612725264,2347.7433578173286,0.0172636104999689,1B,,
2023-11-13 00:00:00,2212.744818869509,2500.7564243746647,0.0488481435421745,1B,,
2023-11-20 00:00:00,2217.389776964719,2446.865955277309,0.002099183808092,1B,,
2023-11-27 00:00:00,2235.3461898147643,2485.940988184745,0.0080979956869037,1B,,
2023-12-04 00:00:00,2265.064366002983,2542.697516692187,0.0132946638527975,1B,,
2023-12-11 00:00:00,2359.458726249856,2660.908294747141,0.0416740299585586,1B,,
2023-12-18 00:00:00,2362.309108955521,2638.4169856844387,0.0012080663560475,1B,,
2023-12-25 00:00:00,2353.820977600583,2613.0001417380413,-0.0035931501608996,1B,,
2024-01-01 00:00:00,2251.3207932238693,2496.167066069433,-0.0435462957260239,1B,,
2024-01-08 00:00:00,2265.0850624903137,2545.6307739627214,0.0061138640516594,1B,,
2024-01-15 00:00:00,2298.8921176455865,2600.420380772317,0.0149252916436188,1B,,
2024-01-22 00:00:00,2245.118348976155,2575.8308427654806,-0.0233911666653169,1B,,
2024-01-29 00:00:00,2286.954626216541,2612.214356300124,0.0186343304616723,1B,,
2024-02-05 00:00:00,2381.849574167141,2721.258446432428,0.0414940230395349,1B,,
2024-02-12 00:00:00,2378.7398271732754,2708.2624038691247,-0.0013056017590669,1B,,
2024-02-19 00:00:00,2401.615460592076,2745.805322372946,0.0096167025739776,1B,,
2024-02-26 00:00:00,2494.486168251652,2846.6019185253467,0.0386700990160515,1B,,
2024-03-04 00:00:00,2424.689449639417,2766.2779282820047,-0.0279803991301159,1B,,
2024-03-11 00:00:00,2367.666353150764,2659.842659432208,-0.0235176906870004,1B,,
2024-03-18 00:00:00,2452.806884095776,2808.786984912889,0.0359596827617673,1B,,
2024-03-25 00:00:00,2457.585601711953,2819.79510729847,0.0019482649234081,1B,,
2024-04-01 00:00:00,2391.2070263692544,2772.3775835249585,-0.027009669692262,1B,,
2024-04-08 00:00:00,2393.3023252822504,2777.5844066490868,0.0008762515708133,1B,,
2024-04-15 00:00:00,2173.083370485064,2583.463267328268,-0.092014683005506,1B,,
2024-04-22 00:00:00,2367.9298284892384,2797.4208180565124,0.089663590753392,1B,,
2024-04-29 00:00:00,2421.6485459158657,2852.7213177994727,0.0226859414414743,1B,,
2024-05-06 00:00:00,2407.6714318728623,2795.229903305753,-0.005771735153962,1B,,
2024-05-13 00:00:00,2498.603081857161,2925.109294997498,0.037767466432729,1B,,
2024-05-20 00:00:00,2582.928039061596,3011.8711615853617,0.0337488406288834,1B,,
2024-05-27 00:00:00,2563.4685453936854,2988.9934338643,-0.0075338892038897,1B,,
2024-06-03 00:00:00,2654.0470696093435,3118.0893190783654,0.0353343614761409,1B,,
2024-06-10 00:00:00,2765.4045259350028,3256.2830144067125,0.0419576041437915,1B,,
2024-06-17 00:00:00,2773.326258653081,3277.843797227471,0.0028645836960868,1B,,
2024-06-24 00:00:00,2793.418933460948,3317.932648201641,0.0072449733402896,1B,,
2024-07-01 00:00:00,3015.679942578865,3573.687663633661,0.0795659420989689,1B,,
2024-07-08 00:00:00,3044.0875743669785,3610.402163791292,0.0094199757033303,1B,,
2024-07-15 00:00:00,2869.512050719796,3405.0940046175465,-0.0573490477465931,1B,,
2024-07-22 00:00:00,2748.364001889249,3267.2543533542325,-0.0422190416660414,1B,,
2024-07-29 00:00:00,2605.11523050202,3083.2380825765395,-0.0521214698230505,1B,,
2024-08-05 00:00:00,2580.983695991088,3023.740577410505,-0.0092631351689891,1B,,
2024-08-12 00:00:00,2797.0909015309885,3282.957157431756,0.0837305581881704,1B,,
2024-08-19 00:00:00,2847.1354360917203,3249.713110167899,0.0178916368192895,1B,,
2024-08-26 00:00:00,2769.337967558239,3151.771595979265,-0.0273248218357587,1B,,
2024-09-02 00:00:00,2563.649768729517,2938.43939754897,-0.0742734188597719,1B,,
2024-09-09 00:00:00,2812.3585168759982,3234.8289340493184,0.0970135434177248,1B,,
2024-09-16 00:00:00,2851.1866773164543,3228.146689173622,0.0138062626821799,1B,,
2024-09-23 00:00:00,2967.0164617791384,3390.1154081321465,0.0406251142319813,1B,,
2024-09-30 00:00:00,2949.804925306078,3332.4387564904337,-0.0058009575257764,1B,,
2024-10-07 00:00:00,2927.7171269339856,3374.8637558651485,-0.0074878844301206,1B,,
2024-10-14 00:00:00,2971.177414137689,3456.465992776952,0.0148444283786451,1B,,
2024-10-21 00:00:00,3116.5444423741114,3682.978983977112,0.0489257314439471,1B,,
2024-10-28 00:00:00,2989.183664185433,3540.29168052083,-0.040866023425502,1B,,
2024-11-04 00:00:00,3389.4589552703897,3990.487283411475,0.1339078946137737,1B,,
2024-11-11 00:00:00,3305.8155125789467,3966.505773278812,-0.0246775204524553,1B,,
2024-11-18 00:00:00,3474.178204067165,4141.915159670039,0.0509292460052843,1B,,
2024-11-25 00:00:00,3476.07412905377,4168.246243774822,0.0005457189802137,1B,,
2024-12-02 00:00:00,3683.818514847176,4436.004555769755,0.059764083871812,1B,,
2024-12-09 00:00:00,3802.8296377525576,4658.919039570779,0.0323064565818653,1B,,
2024-12-16 00:00:00,3759.4729821890633,4629.532931585502,-0.0114011564265387,1B,,
2024-12-23 00:00:00,3842.798607167949,4783.190893680014,0.0221641770997292,1B,,
2024-12-30 00:00:00,3809.28691374578,4800.107379362499,-0.0087206478527549,1B,,
2025-01-06 00:00:00,3590.165769070404,4498.869208787151,-0.0575228775455794,1B,,
2025-01-13 00:00:00,3796.2507941582207,4767.8459689760975,0.0574026488869284,1B,,
2025-01-20 00:00:00,3804.138244353412,4685.528885666289,0.0020776947106151,1B,,
2025-01-27 00:00:00,3672.605621181212,4513.345309445039,-0.03457619432402,1B,,
2025-02-03 00:00:00,3601.113092711171,4503.966761956331,-0.0194664322402923,1B,,
2025-02-10 00:00:00,3679.94715975445,4575.050275341199,0.0218915832448702,1B,,
2025-02-17 00:00:00,3516.496558611594,4343.922572747545,-0.0444165619904613,1B,,
2025-02-24 00:00:00,3208.432306422818,3928.636819277681,-0.0876054468002687,1B,,
2025-03-03 00:00:00,3010.0393114169046,3761.234328855544,-0.0618348701354113,1B,,
2025-03-10 00:00:00,3007.422651571538,3760.360158235758,-0.0008693108543272,1B,,
2025-03-17 00:00:00,2994.2208125453044,3702.3208499360567,-0.0043897518093558,1B,,
2025-03-24 00:00:00,2929.4435612130524,3681.977056120921,-0.0216340929369156,1B,,
2025-03-31 00:00:00,2608.531880078624,3291.0384419562306,-0.1095469751946823,1B,,
2025-04-07 00:00:00,2829.687830631926,3564.884140390906,0.0847817702525591,1B,,
2025-04-14 00:00:00,2739.9650170066625,3333.3393656912144,-0.0317076720103171,1B,,
2025-04-21 00:00:00,3069.277788039951,3739.804943299938,0.1201886772237164,1B,,
2025-04-28 00:00:00,3165.7545184676183,3895.874210783532,0.0314330396563022,1B,,
2025-05-05 00:00:00,3195.901274962428,3764.701409377098,0.0095227713705997,1B,,
2025-05-12 00:00:00,3576.476521875166,4340.6544638329215,0.1190822914006352,1B,,
2025-05-19 00:00:00,3501.168019753517,4166.8355510709525,-0.0210566186192001,1B,,
2025-05-26 00:00:00,3565.815602156388,4182.372227737371,0.0184645758324454,1B,,
2025-06-02 00:00:00,3474.972852605617,4098.486366049563,-0.0254760087694481,1B,,
2025-06-09 00:00:00,3602.252072235938,4178.490226619016,0.0366273997032477,1B,,
2025-06-16 00:00:00,3620.5485325022496,4215.528359604246,0.0050791726673793,1B,,
2025-06-23 00:00:00,3749.1417649519663,4403.048398456727,0.0355176104657386,1B,,
2025-06-30 00:00:00,3786.029011004624,4386.50937369077,0.009838850693108,1B,,
2025-07-07 00:00:00,3819.849661220935,4500.43500653551,0.0089330140149496,1B,,
2025-07-14 00:00:00,3991.65333098164,4726.558432242229,0.044976552743647,1B,,
2025-07-21 00:00:00,3955.4158808752136,4684.614801084013,-0.0090783059303185,1B,,
2025-07-28 00:00:00,3805.836702046961,4529.544147136264,-0.03781629627152,1B,,
2025-08-04 00:00:00,4068.895543054316,4828.650859561622,0.0691198444919796,1B,,
2025-08-11 00:00:00,4072.638052001572,4851.544555317847,0.0009197849656389,1B,,
2025-08-18 00:00:00,4056.121341488216,4824.99041485333,-0.0040555311575598,1B,,
2025-08-25 00:00:00,4003.140221428471,4767.760712692957,-0.0130620155560497,1B,,
2025-09-01 00:00:00,4064.108145090762,4849.006347869648,0.0152300245032474,1B,,
2025-09-08 00:00:00,4376.227892404696,5192.282173755847,0.0767990752635257,1B,,
2025-09-15 00:00:00,4582.701838224473,5436.669462108898,0.0471808029417596,1B,,
2025-09-22 00:00:00,4574.899370076389,5450.609620700229,-0.0017025912711589,1B,,
2025-09-29 00:00:00,4680.288709902487,5612.209569882387,0.0230364279737892,1B,,
2025-10-06 00:00:00,4537.215182955439,5482.014971708086,-0.0305693806119985,1B,,
2025-10-13 00:00:00,4660.970024091513,5694.654180099029,0.0272755062622933,1B,,
2025-10-20 00:00:00,4722.0059919386,5747.730716728306,0.0130951213012755,1B,,
2025-10-27 00:00:00,4916.907480547313,6020.217452479025,0.0412751463978334,1B,,
2025-11-03 00:00:00,4608.828203632237,5644.626381570073,-0.0626571230257891,1B,,
2025-11-10 00:00:00,4441.654206823465,5542.366999487055,-0.0362725598400525,1B,,
2025-11-17 00:00:00,4215.836387901176,5280.0140749084685,-0.0508409273678662,1B,,
2025-11-24 00:00:00,4519.730081648884,5708.580595005962,0.0720838442924013,1B,,
2025-12-01 00:00:00,4659.075394767785,5872.647296046331,0.0308304501821189,1B,,
2025-12-08 00:00:00,4571.8010065802255,5754.534651136014,-0.0187321261822829,1B,,
2025-12-15 00:00:00,4651.531875891995,5851.545508028611,0.0174397068457292,1B,,
2025-12-22 00:00:00,4689.914006828979,5943.091035718719,0.008251503367291,1B,,
2025-12-29 00:00:00,4565.922587754849,5614.5252143270045,-0.0264378875377215,1B,,
2026-01-02 00:00:00,4577.833622577748,5655.755116564417,0.0026086808512355,2,,
2026-01-05 00:00:00,4695.808119115358,5811.44261683831,0.0257708135035231,2,,
2026-01-06 00:00:00,4662.037799362255,5777.754851931547,-0.0071915885182004,2,,
2026-01-07 00:00:00,4655.409625197231,5776.438451231184,-0.0014217332527699,2,,
2026-01-08 00:00:00,4638.061425544656,5767.743761524297,-0.0037264604082696,2,,
2026-01-09 00:00:00,4699.557771512807,5865.531595096154,0.0132590624241095,2,,
2026-01-12 00:00:00,4715.97165184907,5925.177545690978,0.0034926435920754,2,,
2026-01-13 00:00:00,4738.966889954268,5987.351595102813,0.0048760339974015,2,,
2026-01-14 00:00:00,4702.6113312602265,5892.361203764388,-0.0076716211651758,2,,
2026-01-15 00:00:00,4707.9232654689495,5927.626037879255,0.0011295711753619,2,,
2026-01-16 00:00:00,4722.390208754203,5960.138891205607,0.0030728927532367,2,,
2026-01-20 00:00:00,4571.419524092609,5798.102295768766,-0.0319691253767487,2,,
2026-01-21 00:00:00,4647.194724458354,5831.561491228223,0.0165758578853655,2,,
2026-01-22 00:00:00,4725.12338329354,5925.344221437503,0.0167689678302146,2,,
2026-01-23 00:00:00,4736.414980169448,5867.416810029363,0.0023896935508247,2,,
2026-01-26 00:00:00,4680.963856130556,5796.719998137077,-0.0117074040748236,2,,
2026-01-27 00:00:00,4722.348290039452,5791.70803549453,0.0088410069337955,2,,
2026-01-28 00:00:00,4746.924397962133,5815.445874931555,0.0052042133305834,2,,
2026-01-29 00:00:00,4666.078479517291,5721.677026219216,-0.0170312209900687,2,,
2026-01-30 00:00:00,4622.838483244745,5744.299283541296,-0.0092668814856753,2,,
2026-02-02 00:00:00,4590.879538207316,5719.017919367224,-0.0069132731228362,2,,
2026-02-03 00:00:00,4565.948712106816,5672.200700596295,-0.0054305119297979,2,,
2026-02-04 00:00:00,4391.419396095483,5499.316632480666,-0.0382241078504804,2,,
2026-02-05 00:00:00,4270.394347756461,5382.834343020197,-0.0275594374899897,2,,
2026-02-06 00:00:00,4462.035257460196,5593.251157463808,0.0448766306101023,2,,
2026-02-09 00:00:00,4541.639429679519,5670.0864461497895,0.0178403279279855,2,,
2026-02-10 00:00:00,4521.866686198645,5641.140618426032,-0.0043536577015911,2,,
2026-02-11 00:00:00,4526.230841414867,5606.11270032107,0.0009651224857076,2,,
2026-02-12 00:00:00,4403.228287888681,5431.286829872352,-0.0271754927744111,2,,
2026-02-13 00:00:00,4415.2778268483735,5447.662326770953,0.0027365237893377,2,,
2026-02-17 00:00:00,4400.816729354454,5445.085353551626,-0.0032752406668466,2,,
2026-02-18 00:00:00,4439.737711524324,5485.142394497591,0.0088440361331701,2,,
2026-02-19 00:00:00,4438.817199930934,5510.750722496394,-0.0002073346790285,2,,
2026-02-20 00:00:00,4458.345798188815,5522.279641434866,0.0043995049532981,2,,
2026-02-23 00:00:00,4391.837971936934,5432.433792756964,-0.0149176015639926,2,,
2026-02-24 00:00:00,4450.5054387901855,5494.385981922776,0.0133582949161889,2,,
2026-02-25 00:00:00,4542.330874225497,5550.462532930877,0.0206325858260882,2,,
2026-02-26 00:00:00,4485.954582314364,5502.513785600477,-0.0124113133701969,2,,
2026-02-27 00:00:00,4416.6904557457465,5446.530300954749,-0.015440220202337,2,,
2026-03-02 00:00:00,4457.735324449496,5550.024799056161,0.009293127765011,2,,
2026-03-03 00:00:00,4369.482965734032,5541.978608925364,-0.0197975770861549,2,,
2026-03-04 00:00:00,4474.405697278415,5604.005737815763,0.0240126194259592,2,,
2026-03-05 00:00:00,4450.873003450825,5646.314150074678,-0.0052594010064628,2,,
2026-03-06 00:00:00,4358.407392454969,5532.29856096478,-0.0207747133931176,2,,
2026-03-09 00:00:00,4438.023525236193,5556.271958626542,0.0182672535199556,2,,
2026-03-10 00:00:00,4435.9011048111615,5597.800515439609,-0.0004782355057295,2,,
2026-03-11 00:00:00,4476.825114162765,5666.621641043359,0.0092256360961739,2,,
2026-03-12 00:00:00,4375.523362133056,5595.135478831626,-0.0226280342533894,2,,
2026-03-13 00:00:00,4335.779169697832,5575.803990987959,-0.0090833002468186,2,,
2026-03-16 00:00:00,4406.036421141088,5621.511660859247,0.0162040659114455,2,,
2026-03-17 00:00:00,4435.38301560129,5653.293696681299,0.0066605428678235,2,,
2026-03-18 00:00:00,4359.998536335866,5632.940655855353,-0.0169961599709116,2,,
2026-03-19 00:00:00,4317.198235979867,5508.184537170328,-0.0098165859459138,2,,
2026-03-20 00:00:00,4196.184003503774,5410.912352662909,-0.0280307333278215,2,,
2026-03-23 00:00:00,4293.56259104242,5469.074100388938,0.0232064626949949,2,,
2026-03-24 00:00:00,4260.194190176615,5459.555105513774,-0.0077717280599146,2,,
2026-03-25 00:00:00,4302.328371390599,5545.241249247026,0.0098902020267386,2,,
2026-03-26 00:00:00,4134.415634176955,5338.398288343196,-0.0390283406376466,2,,
2026-03-27 00:00:00,4023.133613298457,5197.604284120267,-0.0269160216884317,2,,
2026-03-30 00:00:00,3949.881313457485,5134.226614445668,-0.0182077720707153,2,,
2026-03-31 00:00:00,4154.1896768375245,5361.102109843158,0.0517251904972307,2,,
2026-04-01 00:00:00,4217.482935758568,5465.32414319784,0.0152360060191633,2,,
2026-04-02 00:00:00,4181.097706285886,5408.253965484597,-0.0086272381007601,2,,
2026-04-06 00:00:00,4180.989125970782,5403.494074508901,-2.596933215420613e-05,2,,
2026-04-07 00:00:00,4173.524855582994,5349.880070495982,-0.0017852881609814,2,,
2026-04-08 00:00:00,4255.316615019528,5388.976755056719,0.0195977650228007,2,,
2026-04-09 00:00:00,4267.5141150962,5389.639034505147,0.0028664142248829,2,,
2026-04-10 00:00:00,4308.519715237075,5479.601913694101,0.0096087790303535,2,,
2026-04-13 00:00:00,4376.878669878716,5545.173436287039,0.015865995552925,2,,
2026-04-14 00:00:00,4524.843088762262,5706.49309559622,0.0338059219922687,2,,
2026-04-15 00:00:00,4692.294032067372,5928.564569491064,0.0370070166015228,2,,
2026-04-16 00:00:00,4704.370877183056,5961.61234212484,0.0025737613698437,2,,
2026-04-17 00:00:00,4804.235886679642,6036.813963913263,0.0212281327522341,2,,
2026-04-20 00:00:00,4776.135820507872,6022.019377817972,-0.0058490188314194,2,,
2026-04-21 00:00:00,4723.367159510546,6002.069660262622,-0.0110484004183356,2,,
2026-04-22 00:00:00,4823.575555141284,6109.1214846809335,0.0212154575849492,2,,
2026-04-23 00:00:00,4725.940276917732,5997.243954822356,-0.0202412664852912,2,,
2026-04-24 00:00:00,4808.193303975895,6109.695078435916,0.017404584535251,2,,
2026-04-27 00:00:00,4846.805859650144,6158.759441379419,0.0080305747363193,2,,
2026-04-28 00:00:00,4768.156686209718,6015.5322200031815,-0.0162270112973131,2,0.0950277920615225,2.0
2026-04-29 00:00:00,4764.975096351909,6032.577127761227,-0.0006672578246035,2,0.0961847862448899,2.0
2026-04-30 00:00:00,4845.781391464281,6173.146005085122,0.0169583877099877,2,0.0961847862448899,2.0
2026-05-01 00:00:00,4915.712589031437,6205.941931346771,0.0144313562494458,2,0.0961847862448899,2.0
2026-05-04 00:00:00,4931.036305371276,6215.658266294466,0.0031172929788514,2,0.0965216268518664,2.0
2026-05-05 00:00:00,4990.2396733421065,6308.749454846571,0.0120062729828903,2,0.0965216268518664,2.0
2026-05-06 00:00:00,5161.182925499928,6515.61973968033,0.0342555194434853,2,0.0965216268518664,2.0
2026-05-07 00:00:00,5130.508633506737,6362.4706962287855,-0.0059432677422919,2,0.1100951546476486,2.0
2026-05-08 00:00:00,5295.544859012848,6642.6983254810575,0.0321676148107964,2,0.090816777731622,2.0
2026-05-11 00:00:00,5409.76697526623,6837.269835491111,0.0215694738302479,2,0.1053467990208572,2.0
2026-05-12 00:00:00,5309.174545023838,6714.362188134198,-0.0185945957935537,2,0.1092379608197464,2.0
2026-05-13 00:00:00,5408.126118058165,6915.514543309062,0.0186378451480884,2,0.1056152039276714,2.0
2026-05-14,5476.654295210336,6986.678999506654,0.012671334886838173,2,0.1174430237031348,2.0
