date,index_point,weekly_return,fx_rate,fx_return,index_point_krw,weekly_return_krw,component_count,core_count,satellite_count,top3_contributors,satellite_method,phase
2020-01-06,1000.0,0.0,1157.81005859375,0.0,1000.0,0.0,68,48,20,,SYMMETRIC,1
2020-01-13,1019.8135244098254,0.0198135244098253,1158.77001953125,0.0008291178076877959,1020.6590699634341,0.02065906996343414,68,48,20,"TSLA(+0.31%), MSFT(+0.24%), GOOGL(+0.19%)",SYMMETRIC,1
2020-01-20,1015.7296173851896,-0.0040045625272513,1167.5999755859375,0.007620110898502119,1024.318166575015,0.0035850331606930297,67,48,19,"TSLA(+0.49%), BYND(+0.07%), INTC(+0.06%)",SYMMETRIC,1
2020-01-27,1010.8784018991896,-0.0047760894267202,1187.1199951171875,0.016718071205383822,1036.4687667199664,0.01186213477554432,65,49,16,"AMZN(+0.86%), TSLA(+0.74%), MSFT(+0.20%)",SYMMETRIC,1
2020-02-03,1050.0075001702792,0.0387080169064605,1184.25,-0.002417611639086381,1073.9856445770952,0.036196824315175125,65,49,16,"TSLA(+0.77%), MSFT(+0.50%), AMZN(+0.38%)",SYMMETRIC,1
2020-02-10,1082.739656658979,0.031173259698994,1183.469970703125,-0.0006586694506016677,1106.7358244422753,0.030494057374552908,63,49,14,"NVDA(+0.55%), TSLA(+0.48%), SPCE(+0.34%)",SYMMETRIC,1
2020-02-17,1084.4732626105306,0.0016011290811138,1204.4000244140625,0.01768532724028682,1128.1121754555566,0.01931477281315397,66,49,17,"TSLA(+1.00%), TVIX(+0.10%), SPCE(+0.10%)",SYMMETRIC,1
2020-02-24,980.0888306860976,-0.0962535781409308,1211.31005859375,0.00573732484192635,1025.3767015700248,-0.09106849134399675,66,49,17,"TVIX(+0.62%), UVXY(+0.35%), SQQQ(+0.21%)",SYMMETRIC,1
2020-03-02,989.5076541362314,0.0096101732365831,1187.469970703125,-0.019681243230409318,1014.8561211282009,-0.010260210150781712,66,49,17,"TSLA(+0.47%), AAPL(+0.34%), TVIX(+0.32%)",SYMMETRIC,1
2020-03-09,890.7292723180652,-0.0998257885174143,1209.969970703125,0.018947847570981002,930.8570637571785,-0.0827694247709142,70,48,22,"TVIX(+0.59%), UVXY(+0.39%), SPXU(+0.05%)",SYMMETRIC,1
2020-03-16,791.809555763084,-0.1110547498877511,1256.8800048828125,0.03876958545708997,859.5620593610332,-0.07659071104685,70,49,21,"TVIX(+0.47%), AMZN(+0.34%), UVXY(+0.32%)",SYMMETRIC,1
2020-03-23,863.197283344004,0.0901576989837186,1212.18994140625,-0.03555634850021283,903.7398289575117,0.05139567191846339,70,49,21,"TSLA(+1.22%), TQQQ(+0.80%), NVDA(+0.73%)",SYMMETRIC,1
2020-03-30,841.3560688415201,-0.0253026914286286,1226.8499755859375,0.012093842457297166,891.5259155469831,-0.013514855735214937,69,48,21,"MSFT(+0.21%), USO(+0.09%), QYLD(+0.05%)",SYMMETRIC,1
2020-04-06,923.8362617082608,0.0980324453834503,1209.510009765625,-0.01413372960457615,965.0885286639785,0.08251315170334905,70,49,21,"TSLA(+1.18%), TQQQ(+0.98%), AAPL(+0.93%)",SYMMETRIC,1
2020-04-13,988.154848570276,0.0696211975302677,1226.6400146484375,0.014162764048667897,1046.8990737542645,0.08476999017234244,73,49,24,"TSLA(+1.93%), AMZN(+1.85%), TQQQ(+0.67%)",SYMMETRIC,1
2020-04-20,969.6585922577189,-0.0187179735436391,1232.449951171875,0.004736464206332558,1032.1690296359163,-0.014070166349011148,72,49,23,"INO(+0.27%), SCO(+0.19%), AMZN(+0.16%)",SYMMETRIC,1
2020-04-27,957.366365202468,-0.0126768608594804,1212.9599609375,-0.015814021669474654,1002.9685442094762,-0.028290410376622277,69,49,20,"GOOGL(+0.18%), AAPL(+0.15%), DAL(+0.14%)",SYMMETRIC,1
2020-05-04,1008.169062525078,0.053065053431103,1218.6300048828125,0.004674551615809319,1061.1283435210846,0.05798766037817171,70,49,21,"TSLA(+1.18%), TQQQ(+0.56%), AAPL(+0.54%)",SYMMETRIC,1
2020-05-11,1001.4507653687284,-0.0066638596700465,1225.4599609375,0.005604618323298505,1059.9647210701958,-0.0010965897367586352,71,49,22,"SRNE(+0.47%), NVAX(+0.37%), NVDA(+0.23%)",SYMMETRIC,1
2020-05-18,1037.9480365797751,0.0364443989391817,1233.3900146484375,0.0064710834818877405,1105.7035949371016,0.04315131716905207,70,49,21,"DAL(+0.40%), BA(+0.32%), AAPL(+0.29%)",SYMMETRIC,1
2020-05-25,1054.3489116535425,0.0158012487097245,1237.97998046875,0.003721422879867209,1127.3549019270424,0.0195814747180707,68,49,19,"HAS(+0.36%), DAL(+0.23%), TSLA(+0.17%)",SYMMETRIC,1
2020-06-01,1114.6783144452947,0.0572195808474229,1215.3800048828125,-0.018255525890960023,1170.1036151808403,0.03791948141683288,68,49,19,"BA(+0.87%), DAL(+0.78%), TSLA(+0.47%)",SYMMETRIC,1
2020-06-08,1100.4847642337982,-0.012733315098679,1204.760009765625,-0.008738003813228312,1145.1101374223192,-0.02136005515602002,68,49,19,"TSLA(+0.46%), TVIX(+0.37%), AMZN(+0.21%)",SYMMETRIC,1
2020-06-15,1123.9938542652449,0.0213624856931252,1211.3599853515625,0.005478249221785969,1175.979746187138,0.02695776393553495,67,49,18,"TSLA(+0.58%), AMZN(+0.39%), MSFT(+0.31%)",SYMMETRIC,1
2020-06-22,1097.332584122945,-0.0237201209251525,1201.52001953125,-0.00812307318988803,1138.7593829587718,-0.031650513836692595,68,49,19,"INO(+0.49%), AAPL(+0.10%), AMZN(+0.05%)",SYMMETRIC,1
2020-06-29,1165.23206580875,0.0618768481572745,1198.1700439453125,-0.002788114664326935,1205.8507741695432,0.05891621374521794,67,49,18,"TSLA(+2.52%), AMZN(+0.59%), GOOGL(+0.45%)",SYMMETRIC,1
2020-07-06,1235.9044925750704,0.06065094571292,1195.77001953125,-0.0020030749610128185,1276.4248576491243,0.0585263823611879,68,49,19,"TSLA(+2.75%), AMZN(+0.89%), AAPL(+0.45%)",SYMMETRIC,1
2020-07-13,1228.9580189874916,-0.0056205585701087,1204.22998046875,0.007074906377746659,1278.230466402868,0.0014145828819638329,71,49,22,"NVAX(+0.50%), VXRT(+0.43%), MRNA(+0.28%)",SYMMETRIC,1
2020-07-20,1208.5681979982974,-0.0165911452418797,1200.93994140625,-0.0027320687209758665,1253.5888854277116,-0.019277885813895,70,48,22,"AMD(+0.29%), AMZN(+0.16%), GLD(+0.06%)",SYMMETRIC,1
2020-07-27,1235.979770719592,0.0226810309643221,1189.56005859375,-0.00947581341925774,1269.8733765222657,0.012990296327490158,70,48,22,"AAPL(+1.21%), AMZN(+0.51%), TSLA(+0.20%)",SYMMETRIC,1
2020-08-03,1273.0346595030046,0.0299801741591929,1183.1700439453125,-0.005371746136123234,1300.9184562254475,0.024447382138369722,69,48,21,"AAPL(+0.37%), TSLA(+0.30%), MSFT(+0.29%)",SYMMETRIC,1
2020-08-10,1300.0221518289295,0.0211993382304776,1184.1199951171875,0.0008028864293312399,1329.5636988554122,0.022019245320784808,69,48,21,"TSLA(+2.37%), AAPL(+0.43%), NVDA(+0.13%)",SYMMETRIC,1
2020-08-17,1382.7728380727533,0.0636532893900355,1184.2900390625,0.00014360364322341113,1414.3978852668993,0.06380603387751838,69,48,21,"TSLA(+4.17%), AAPL(+1.02%), NVDA(+0.43%)",SYMMETRIC,1
2020-08-24,1438.633117991205,0.0403972933083552,1186.5799560546875,0.0019335778539522064,1474.381060394457,0.04240898247400793,64,47,17,"TSLA(+1.56%), MSFT(+0.55%), AMZN(+0.33%)",SYMMETRIC,1
2020-08-31,1382.9157937658654,-0.0387293490804235,1190.780029296875,0.0035396462082104563,1422.2959087224822,-0.03532679106583203,64,46,18,"UVXY(+0.09%), SQQQ(+0.03%), CCL(+0.02%)",SYMMETRIC,1
2020-09-07,1307.099248491632,-0.0548236889158483,1187.22998046875,-0.002981280119570995,1340.3126045927193,-0.057641524261572985,64,46,18,"SQQQ(+0.04%), SQQQ(+0.03%), INO(+0.03%)",SYMMETRIC,1
2020-09-14,1356.6751287259128,0.0379281682638026,1168.6500244140625,-0.015649837319094306,1369.3769634659898,0.021684761281568488,65,47,18,"TSLA(+4.92%), KODK(+0.23%), INO(+0.19%)",SYMMETRIC,1
2020-09-21,1343.9416022293613,-0.0093858332233967,1168.5,-0.0001283741162266816,1356.3500770690969,-0.009513002441578267,66,47,19,"AAPL(+0.68%), AMZN(+0.46%), NVDA(+0.36%)",SYMMETRIC,1
2020-09-28,1367.024774297552,0.0171757255150817,1161.97998046875,-0.005579819881257997,1371.948195430146,0.011500068179119749,64,46,18,"TSLA(+0.51%), NNOX(+0.38%), HAS(+0.14%)",SYMMETRIC,1
2020-10-05,1422.16313677861,0.040334574411346,1150.3599853515625,-0.010000168085942396,1413.0120506805943,0.029931053801615093,62,45,17,"TSLA(+1.15%), AMZN(+0.51%), AAPL(+0.49%)",SYMMETRIC,1
2020-10-12,1431.3424868253974,0.0064544986502601,1144.1300048828125,-0.005415679046629984,1414.4305227660238,0.0010038641105334367,67,45,22,"TSLA(+0.31%), AAPL(+0.23%), GOOGL(+0.15%)",SYMMETRIC,1
2020-10-19,1399.798553237956,-0.0220380054932927,1134.1500244140625,-0.008722767890150918,1371.1934453720653,-0.03056854097676376,67,46,21,"GOOGL(+0.17%), META(+0.11%), HAS(+0.10%)",SYMMETRIC,1
2020-10-26,1312.373193951841,-0.0624556719850054,1129.52001953125,-0.00408235663990264,1280.3065448102975,-0.06628306229768044,65,46,19,"NIO(+0.14%), SQQQ(+0.07%), UVXY(+0.05%)",SYMMETRIC,1
2020-11-02,1445.857159497286,0.1017118957935249,1122.6300048828125,-0.0060999491193585165,1401.9247958492813,0.09499150928499223,66,45,21,"TSLA(+2.52%), AAPL(+1.19%), NVDA(+1.05%)",SYMMETRIC,1
2020-11-09,1430.2903226729193,-0.0107665108701188,1114.9100341796875,-0.006876683029624631,1377.2941603866877,-0.017569156017154586,67,45,22,"BA(+0.31%), NIO(+0.24%), DAL(+0.14%)",SYMMETRIC,1
2020-11-16,1506.0071127685717,0.0529380566276595,1114.1400146484375,-0.0006906562033200947,1449.2038432612776,0.05221083842713781,66,44,22,"TSLA(+4.46%), NIO(+0.40%), FCEL(+0.27%)",SYMMETRIC,1
2020-11-23,1629.5292876511865,0.082019649067618,1105.56005859375,-0.007700967510259393,1555.9914006309377,0.07368705090468586,64,44,20,"TSLA(+4.18%), XPEV(+0.51%), NIO(+0.36%)",SYMMETRIC,1
2020-11-30,1644.042352451626,0.0089062927008566,1091.3199462890625,-0.01288045112881575,1549.6291455211733,-0.00408887549583159,63,44,19,"AAPL(+0.56%), TSLA(+0.54%), MRNA(+0.18%)",SYMMETRIC,1
2020-12-07,1632.2894592162386,-0.0071487776564036,1086.3699951171875,-0.004535746999499879,1531.5727123603986,-0.01165209960909841,62,45,17,"TSLA(+0.48%), DIS(+0.14%), PLTR(+0.05%)",SYMMETRIC,1
2020-12-14,1718.614531605896,0.0528858848547043,1092.1600341796875,0.005329711873969245,1621.165830827353,0.058497463257148885,64,45,19,"TSLA(+4.19%), AAPL(+0.36%), NIO(+0.25%)",SYMMETRIC,1
2020-12-21,1698.569056578414,-0.0116637411466264,1099.9100341796875,0.0070960296636572995,1613.626635224508,-0.004650477736134806,64,45,19,"AAPL(+0.43%), QS(+0.22%), FCEL(+0.11%)",SYMMETRIC,1
2020-12-28,1730.0668980994426,0.0185437509290775,1084.6500244140625,-0.013873870854361203,1620.7469345539262,0.0044126064691709654,64,46,18,"TSLA(+2.14%), AMZN(+0.19%), NIO(+0.15%)",SYMMETRIC,1
2021-01-04,1893.596135808047,0.0945219158220115,1093.0699462890625,0.007762800613542176,1787.713805988912,0.10301847122168994,64,46,18,"TSLA(+7.49%), NIO(+0.46%), SNDL(+0.29%)",SYMMETRIC,1
2021-01-11,1894.236542050216,0.0003381957905692,1094.9000244140625,0.0016742552763553409,1791.312504795323,0.0020130172930115098,68,45,23,"BNGO(+0.90%), GME(+0.79%), EH(+0.67%)",SYMMETRIC,1
2021-01-18,2035.7167028403865,0.0746898064995836,1099.9000244140625,0.004566626987405398,1933.8965269258395,0.07959751397303405,64,45,19,"AAPL(+1.04%), EH(+1.01%), TSLA(+0.80%)",SYMMETRIC,1
2021-01-25,2020.5271162693955,-0.0074615424384921,1112.2900390625,0.011264673491609312,1941.0888413007767,0.0037190792138037665,64,45,19,"GME(+3.24%), NVAX(+0.27%), MRNA(+0.23%)",SYMMETRIC,1
2021-02-01,2130.9795299138427,0.0546651478988222,1119.1300048828125,0.006149444461516218,2059.7878849094036,0.06115075265132286,62,45,17,"TSLA(+2.37%), AAPL(+0.42%), GOOGL(+0.37%)",SYMMETRIC,1
2021-02-08,2202.6523966449927,0.033633765939576,1102.219970703125,-0.01510998195554425,2096.8961550117924,0.018015578387587716,65,43,22,"SNDL(+1.13%), EH(+1.12%), CTRM(+0.58%)",SYMMETRIC,1
2021-02-15,2092.3887267115924,-0.0500594964967466,1106.219970703125,0.003629039671136036,1999.1553699004476,-0.04661212472431431,67,44,23,"RIOT(+0.21%), BIDU(+0.11%), QS(+0.06%)",SYMMETRIC,1
2021-02-22,2033.6082589579628,-0.0280925178974795,1119.1300048828125,0.011670404188673045,1965.6695879301444,-0.01674996474734758,66,43,23,"GME(+6.29%), AMC(+0.56%), SQQQ(+0.06%)",SYMMETRIC,1
2021-03-01,1921.4051307285536,-0.0551744062481842,1133.3499755859375,0.012706272408998576,1880.8132144289668,-0.04316919487497972,67,43,24,"GME(+1.48%), GOOGL(+0.10%), ACIC(+0.10%)",SYMMETRIC,1
2021-03-08,2155.5573523325334,0.121865096464687,1129.6400146484375,-0.0032734468764442637,2103.1116641204267,0.11819273066887281,63,43,20,"TSLA(+4.65%), GME(+3.02%), BA(+0.36%)",SYMMETRIC,1
2021-03-15,2088.3473921246177,-0.0311798524568077,1126.1099853515625,-0.0031249152394566826,2031.1698224584093,-0.034207333300158016,65,43,22,"AMC(+0.22%), SOXL(+0.11%), VUZI(+0.10%)",SYMMETRIC,1
2021-03-22,2003.7957208856496,-0.0404873593147487,1134.2099609375,0.007192881415938102,1962.9515648472118,-0.033585698673206044,63,42,21,"SOXL(+0.25%), AAPL(+0.10%), MSFT(+0.07%)",SYMMETRIC,1
2021-03-29,2090.7358484484885,0.0433877199440333,1128.06005859375,-0.005422190384103742,2037.0142634357555,0.03773027308206078,64,42,22,"TSLA(+1.92%), SOXL(+0.39%), NVDA(+0.25%)",SYMMETRIC,1
2021-04-05,2130.453251756244,0.0189968538288704,1115.8399658203125,-0.0108328388017489,2053.2252816224536,0.007958225171853073,65,43,22,"AAPL(+0.85%), TSLA(+0.61%), AMZN(+0.30%)",SYMMETRIC,1
2021-04-12,2171.1033731916737,0.0190805038326563,1115.6700439453125,-0.00015228158177238438,2092.0832202136544,0.01892531664157926,61,42,19,"TSLA(+2.48%), NVDA(+0.39%), NVAX(+0.18%)",SYMMETRIC,1
2021-04-19,2172.98247480756,0.0008655053642716,1118.5899658203125,0.00261719124829618,2099.374050330304,0.003484961805632514,64,44,20,"OCGN(+0.45%), MVIS(+0.41%), SKLZ(+0.22%)",SYMMETRIC,1
2021-04-26,2156.400945368695,-0.0076307699813976,1106.6300048828125,-0.010691997338568293,2061.0789921803357,-0.01824117914763357,65,45,20,"GME(+0.22%), OCGN(+0.21%), AMZN(+0.17%)",SYMMETRIC,1
2021-05-03,2066.3833521931474,-0.041744367330611,1119.3900146484375,0.011530511290425594,1997.813781036072,-0.030695189939002776,65,45,20,"XOM(+0.04%), BRK.A(+0.02%), SQQQ(+0.02%)",SYMMETRIC,1
2021-05-10,1953.665689922513,-0.0545482822202382,1125.699951171875,0.0056369419423660805,1899.4837326107627,-0.049218825777803454,63,45,18,"AMC(+0.35%), SQQQ(+0.08%), SOXS(+0.04%)",SYMMETRIC,1
2021-05-17,1959.976582014712,0.0032302825016335,1127.050048828125,0.0011993406012362762,1907.9050886331524,0.004433497311827406,64,45,19,"SOXL(+0.28%), NVDA(+0.18%), SPCE(+0.17%)",SYMMETRIC,1
2021-05-24,2076.7118189399885,0.05955950596373,1117.300048828125,-0.00865090242455313,2004.0508367337827,0.05039336006463002,64,44,20,"TSLA(+1.91%), AMC(+1.14%), SOXL(+0.57%)",SYMMETRIC,1
2021-05-31,2106.275432430588,0.0142357804395265,1115.43994140625,-0.001664823539411775,2029.1961772981635,0.012547256837737164,63,44,19,"AMC(+0.84%), NVDA(+0.29%), MVIS(+0.25%)",SYMMETRIC,1
2021-06-07,2135.115982417921,0.0136926773883755,1111.260009765625,-0.003747339041271336,2049.273099556824,0.009894027242547176,63,45,18,"TSLA(+0.46%), AMZN(+0.23%), LABU(+0.13%)",SYMMETRIC,1
2021-06-14,2162.929018276462,0.0130264754175295,1133.5400390625,0.020049339579468972,2117.58969069968,0.03333698722616818,61,45,16,"AMC(+1.39%), TSLA(+0.49%), AAPL(+0.24%)",SYMMETRIC,1
2021-06-21,2233.6823537160226,0.032711815709949,1130.800048828125,-0.0024171975756949182,2181.573821975981,0.03021554721262354,62,45,17,"TSLA(+1.72%), SPCE(+0.58%), SOXL(+0.20%)",SYMMETRIC,1
2021-06-28,2255.2658853585126,0.0096627578252491,1132.4100341796875,0.0014237577662212786,2205.7898870087647,0.011100273017967233,62,45,17,"AAPL(+0.51%), NVDA(+0.32%), TSLA(+0.23%)",SYMMETRIC,1
2021-07-05,2216.396244684416,-0.0172350590351425,1146.280029296875,0.012248209304534186,2194.3243051248896,-0.00519794834104681,61,45,16,"AAPL(+0.36%), AMZN(+0.29%), SPCE(+0.12%)",SYMMETRIC,1
2021-07-12,2137.746241061734,-0.0354855336952081,1140.1199951171875,-0.005373934834637217,2105.083831178118,-0.04066877158419502,56,45,11,"MRNA(+0.32%), XELA(+0.12%), AAPL(+0.10%)",SYMMETRIC,1
2021-07-19,2191.9519694315263,0.0253564840057306,1149.9100341796875,0.008586849721457401,2176.995738964855,0.03416106604480973,57,45,12,"NVDA(+0.37%), MRNA(+0.30%), SOXL(+0.26%)",SYMMETRIC,1
2021-07-26,2210.718472339124,0.008561548414067,1142.1199951171875,-0.006774476985981992,2180.759920068524,0.0017290714153896936,58,46,12,"TSLA(+1.53%), AMD(+0.14%), SOXL(+0.13%)",SYMMETRIC,1
2021-08-02,2250.598216220104,0.018039268400731,1143.1199951171875,0.0008755647430001012,2222.0430741990845,0.018930627691132296,57,46,11,"TSLA(+0.38%), MRNA(+0.23%), NVDA(+0.21%)",SYMMETRIC,1
2021-08-09,2270.5032783292204,0.0088443427910234,1162.06005859375,0.016568744801477076,2278.837666911594,0.025559627251141803,65,48,17,"TSLA(+0.60%), NVAX(+0.39%), U(+0.22%)",SYMMETRIC,1
2021-08-16,2204.6188212187176,-0.0290175564771633,1175.3900146484375,0.011470969986541402,2238.0933118803705,-0.0178794460100542,65,49,16,"MSFT(+0.14%), NVDA(+0.14%), UVXY(+0.05%)",SYMMETRIC,1
2021-08-23,2289.6853401896446,0.0385855904667919,1170.0,-0.004585724381919065,2313.792170086738,0.03382292320187852,64,49,15,"TSLA(+1.05%), NVDA(+0.37%), AMZN(+0.29%)",SYMMETRIC,1
2021-08-30,2340.2578670877074,0.0220871077830605,1157.1300048828125,-0.010999995826656006,2338.883288386089,0.010844153862967776,64,49,15,"TSLA(+0.69%), AAPL(+0.36%), AMZN(+0.24%)",SYMMETRIC,1
2021-09-06,2327.8187931022576,-0.0053152578441834,1169.1300048828125,0.01037048555422726,2350.5779525282815,0.005000105905353713,63,49,14,"AMC(+0.20%), MRNA(+0.19%), TSLA(+0.08%)",SYMMETRIC,1
2021-09-13,2329.536218654785,0.0007377831803819,1174.4200439453125,0.0045247654584232855,2362.9558302573896,0.0052658869346555726,63,48,15,"TSLA(+0.70%), LCID(+0.32%), PLTR(+0.15%)",SYMMETRIC,1
2021-09-20,2343.947490947084,0.006186326779079,1174.699951171875,0.00023833655428950884,2378.1405099461995,0.006426137761176731,64,49,15,"TSLA(+0.44%), LCID(+0.24%), SOFI(+0.14%)",SYMMETRIC,1
2021-09-27,2263.227161004122,-0.0344377722857375,1183.719970703125,0.007678573172878567,2313.8745158011534,-0.02702363206726588,63,48,15,"UVXY(+0.13%), SQQQ(+0.11%), SOXS(+0.10%)",SYMMETRIC,1
2021-10-04,2254.213700377508,-0.0039825700141452,1191.1500244140625,0.006276867751520809,2319.1253904811083,0.0022692996720856673,63,48,15,"TSLA(+0.30%), GOOGL(+0.12%), BABA(+0.09%)",SYMMETRIC,1
2021-10-11,2347.5204426774203,0.041392145866333,1182.1300048828125,-0.0075725301988613936,2396.830405615327,0.0335061723929031,64,48,16,"TSLA(+1.81%), TQQQ(+0.26%), NVDA(+0.19%)",SYMMETRIC,1
2021-10-18,2484.4158720060373,0.0583149040323087,1176.550048828125,-0.00472025583619351,2524.6279334179667,0.0533193869300197,64,48,16,"PHUN(+3.28%), TSLA(+1.93%), AAPL(+0.23%)",SYMMETRIC,1
2021-10-25,2707.249616934372,0.0896926104196911,1167.3699951171875,-0.00780251866045234,2729.603140553289,0.0811902634927344,64,48,16,"TSLA(+5.56%), LCID(+1.00%), NVDA(+0.50%)",SYMMETRIC,1
2021-11-01,2867.695029454312,0.0592650975057203,1185.8299560546875,0.01581329057172387,2937.0954635567296,0.07601556428506373,64,48,16,"TSLA(+2.49%), SOXL(+0.67%), NVDA(+0.66%)",SYMMETRIC,1
2021-11-08,2761.033467288536,-0.037194178973094,1183.1099853515625,-0.00229372743472811,2821.3662861129933,-0.039402593099099326,62,48,14,"RBLX(+0.47%), U(+0.25%), LCID(+0.23%)",SYMMETRIC,1
2021-11-15,2924.3382619693,0.0591462568692213,1182.9000244140625,-0.00017746527381190536,2987.7092324452,0.058958295188739296,64,48,16,"TSLA(+2.96%), LCID(+1.10%), AAPL(+0.52%)",SYMMETRIC,1
2021-11-22,2794.319022861107,-0.0444610805798629,1190.219970703125,0.006188136053753457,2872.538790658324,-0.0385480757418345,64,48,16,"UVXY(+0.11%), MRNA(+0.10%), NVAX(+0.09%)",SYMMETRIC,1
2021-11-29,2660.686195084087,-0.0478230390602262,1176.77001953125,-0.01130039110663672,2704.256818738034,-0.05858301112157438,61,48,13,"AAPL(+0.24%), UVXY(+0.04%), SQQQ(+0.04%)",SYMMETRIC,1
2021-12-06,2694.992500738589,0.0128937812049714,1177.3299560546875,0.00047582493957532,2740.428258427816,0.013375741327209534,61,48,13,"AAPL(+0.82%), TQQQ(+0.33%), MSFT(+0.23%)",SYMMETRIC,1
2021-12-13,2570.744140101226,-0.0461034160960787,1186.1500244140625,0.0074915857818922404,2633.6687973215376,-0.038957218010708505,62,48,14,"NVAX(+0.35%), LCID(+0.21%), MRNA(+0.10%)",SYMMETRIC,1
2021-12-20,2725.0158901428786,0.0600105423309758,1185.5,-0.0005480119720805421,2790.1867960001023,0.059429643863246895,62,48,14,"TSLA(+3.90%), NVDA(+0.44%), TQQQ(+0.41%)",SYMMETRIC,1
2021-12-27,2703.919276817453,-0.0077418313051815,1189.8900146484375,0.0037030912260123117,2778.8379657093815,-0.004067408786748605,61,47,14,"AAPL(+0.07%), RIVN(+0.06%), SOFI(+0.04%)",SYMMETRIC,1
2022-01-03,2585.746976468264,-0.0437040785064704,1205.780029296875,0.013354187742412815,2692.878716934861,-0.03093352323354215,60,47,13,"LCID(+0.31%), SQQQ(+0.11%), BA(+0.07%)",SYMMETRIC,1
2022-01-10,2599.677119499305,0.0053872800230699,1186.6099853515625,-0.015898458657082837,2664.3427441238496,-0.010596828082733878,63,47,16,"TSLA(+0.66%), SOXL(+0.25%), TSM(+0.12%)",SYMMETRIC,1
2022-01-17,2344.1784990746414,-0.0982809051586653,1192.4300537109375,0.004904786266104688,2414.2724212939333,-0.09385816572640315,65,48,17,"SQQQ(+0.26%), UVXY(+0.21%), SOXS(+0.16%)",SYMMETRIC,1
2022-01-24,2238.517674797708,-0.0450737110329452,1203.4599609375,0.009249940650385868,2326.777499879374,-0.036240699534506704,64,48,16,"AAPL(+0.46%), MSFT(+0.19%), GOOGL(+0.09%)",SYMMETRIC,1
2022-01-31,2348.230504829224,0.0490113753698326,1200.3299560546875,-0.002600838402944672,2434.467897170813,0.04628306629964496,66,49,17,"TSLA(+2.49%), SOXL(+0.43%), NVDA(+0.39%)",SYMMETRIC,1
2022-02-07,2262.9825113461097,-0.03630307727789,1199.3499755859375,-0.0008164259033999199,2344.1738129575924,-0.03708986440862705,65,48,17,"IONQ(+0.19%), SQQQ(+0.08%), AMC(+0.07%)",SYMMETRIC,1
2022-02-14,2224.298401369715,-0.0170943035496035,1198.6600341796875,-0.0005752627842535718,2302.776330212514,-0.017659732617202217,62,48,14,"SQQQ(+0.10%), RIVN(+0.07%), BOIL(+0.05%)",SYMMETRIC,1
2022-02-21,2207.409798519336,-0.0075927774978297,1206.0,0.00612347589058948,2299.2857915293075,-0.0015157957971908553,62,48,14,"SOXL(+0.20%), TQQQ(+0.17%), MSFT(+0.15%)",SYMMETRIC,1
2022-02-28,2144.840564696081,-0.028345092001143,1205.989990234375,-8.299971496650294e-06,2234.093781162877,-0.028353156709183924,62,48,14,"TSLA(+0.92%), SQQQ(+0.18%), UVXY(+0.15%)",SYMMETRIC,1
2022-03-07,2047.5499737990128,-0.0453602904096761,1228.5999755859375,0.018748070493660007,2172.7396727541595,-0.027462637838229664,61,48,13,"SQQQ(+0.25%), SOXS(+0.06%), LCID(+0.02%)",SYMMETRIC,1
2022-03-14,2283.723430636553,0.1153444164292338,1210.3299560546875,-0.014870600597673644,2387.3163468631183,0.09875857508366925,64,47,17,"TSLA(+3.75%), TQQQ(+1.60%), NVDA(+1.16%)",SYMMETRIC,1
2022-03-21,2392.3732259236435,0.0475757238505916,1217.550048828125,0.005965392112554868,2515.8134673456702,0.05382492381095383,65,48,17,"TSLA(+3.06%), AAPL(+0.60%), TQQQ(+0.45%)",SYMMETRIC,1
2022-03-28,2431.717232238635,0.0164455971537642,1214.5,-0.002505070597352943,2550.7815868700122,0.013899329174525521,63,48,15,"TSLA(+1.99%), HYMC(+0.24%), TQQQ(+0.12%)",SYMMETRIC,1
2022-04-04,2288.3303009201004,-0.0589652980279014,1222.6600341796875,0.006718842469894959,2416.5017251064437,-0.05264263410664627,61,48,13,"SQQQ(+0.24%), SOXS(+0.23%), OXY(+0.03%)",SYMMETRIC,1
2022-04-11,2217.952455330091,-0.0307551080199004,1230.0999755859375,0.006085045064257555,2356.4342362563825,-0.024857209173900108,64,48,16,"VERU(+1.03%), SQQQ(+0.18%), SOXS(+0.08%)",SYMMETRIC,1
2022-04-18,2143.0926001593693,-0.033751785341846,1242.489990234375,0.010072363949552798,2299.8341429832835,-0.024019381658203387,62,48,15,"TSLA(+0.58%), SQQQ(+0.23%), UVXY(+0.09%)",SYMMETRIC,1
2022-04-25,1991.7915314303016,-0.0705994079387031,1272.2900390625,0.023984135938595053,2188.7325183594676,-0.04830853779729427,63,48,15,"SQQQ(+0.17%), CWEB(+0.15%), META(+0.10%)",SYMMETRIC,1
2022-05-02,1964.2214196448672,-0.0138418661543543,1268.699951171875,-0.002821752729645244,2152.3458020574944,-0.016624560560395185,64,49,15,"SOXL(+0.24%), AMD(+0.13%), GOOGL(+0.07%)",SYMMETRIC,1
2022-05-09,1844.221656674728,-0.0610927880991315,1290.75,0.017380034426388802,2055.975490698471,-0.044774548433109684,66,48,18,"SQQQ(+0.20%), RBLX(+0.11%), CPNG(+0.05%)",SYMMETRIC,1
2022-05-16,1719.5128613398936,-0.0676213701772127,1263.550048828125,-0.021072981733004092,1876.5518089776465,-0.0872693680117117,67,48,19,"SQQQ(+0.45%), UPST(+0.07%), IONQ(+0.05%)",SYMMETRIC,1
2022-05-23,1882.7473919236163,0.0949306831334345,1258.8900146484375,-0.003688048751222306,2047.1163419298598,0.09089252539482917,66,48,18,"TSLA(+3.88%), TQQQ(+1.63%), SOXL(+1.11%)",SYMMETRIC,1
2022-05-30,1828.7795790310745,-0.0286643939192515,1240.8399658203125,-0.014338066565065088,1959.9266507443854,-0.04259146849625506,66,48,18,"AMZN(+0.16%), GOOGL(+0.09%), SQQQ(+0.08%)",SYMMETRIC,1
2022-06-06,1735.329096404975,-0.0510999158660834,1264.02001953125,0.018680937388741548,1894.516895970944,-0.03337357280620612,64,47,17,"SQQQ(+0.67%), SOXS(+0.25%), UVXY(+0.06%)",SYMMETRIC,1
2022-06-13,1639.0540286140588,-0.0554794292277851,1288.1800537109375,0.019113648365036928,1823.6123368798906,-0.037426195164501075,69,47,22,"SQQQ(+0.66%), SOXS(+0.39%), KOLD(+0.25%)",SYMMETRIC,1
2022-06-20,1790.656984497287,0.0924941784935665,1299.81005859375,0.009028244808875208,2010.272706360555,0.1023574833892773,69,48,22,"TSLA(+3.54%), TQQQ(+1.67%), AAPL(+0.69%)",SYMMETRIC,1
2022-06-27,1683.872210167916,-0.0596344108636472,1287.7099609375,-0.00930912757310165,1872.793384272969,-0.06838839409827235,69,47,22,"SQQQ(+0.66%), SOXS(+0.47%), CPNG(+0.07%)",SYMMETRIC,1
2022-07-04,1802.7869834121348,0.0706198323876135,1297.6500244140625,0.007719178835368989,2020.527076677397,0.07888413833850616,68,46,22,"TSLA(+2.83%), TQQQ(+1.10%), SOXL(+0.82%)",SYMMETRIC,1
2022-07-11,1765.317479049523,-0.0207842106179917,1316.1800537109375,0.014279681692482615,2006.7848237683338,-0.0068013208373635115,68,46,22,"SOXL(+0.32%), AAPL(+0.20%), SQQQ(+0.16%)",SYMMETRIC,1
2022-07-18,1867.65807338166,0.0579729116981491,1306.8499755859375,-0.007088755143108361,2108.073677098803,0.050473200779079574,67,46,21,"TSLA(+3.60%), TQQQ(+0.73%), SOXL(+0.67%)",SYMMETRIC,1
2022-07-25,1964.1165249231008,0.0516467403301447,1295.1500244140625,-0.008952788300454428,2197.100937519835,0.04223156969710584,70,46,24,"TSLA(+2.58%), TQQQ(+0.94%), AAPL(+0.53%)",SYMMETRIC,1
2022-08-01,1998.9296006346324,0.0177245470265027,1302.0799560546875,0.005350678693582411,2248.0079070240777,0.023170064076213137,67,46,21,"TQQQ(+0.41%), SOXL(+0.37%), LABU(+0.30%)",SYMMETRIC,1
2022-08-08,2056.0728258125405,0.0285869122953435,1306.8299560546875,0.003648009462024593,2320.7067002555996,0.03233920708391147,70,46,24,"TSLA(+1.14%), TQQQ(+0.52%), AAPL(+0.39%)",SYMMETRIC,1
2022-08-15,1992.505418130284,-0.0309169047342157,1326.9100341796875,0.015365486559262509,2283.5139605590093,-0.016026471459100744,70,47,23,"SQQQ(+0.25%), SOXS(+0.16%), LABD(+0.11%)",SYMMETRIC,1
2022-08-22,1892.2962823250905,-0.0502930305199509,1334.43994140625,0.005674768471562341,2180.975818413739,-0.04490366335232254,69,47,22,"SQQQ(+0.51%), SOXS(+0.21%), CWEB(+0.05%)",SYMMETRIC,1
2022-08-29,1788.2710763663872,-0.0549730012843897,1355.0999755859375,0.015482176108964296,2092.991051458305,-0.04034192686254856,69,47,23,"SQQQ(+0.48%), SOXS(+0.36%), KOLD(+0.04%)",SYMMETRIC,1
2022-09-05,1878.6356428218653,0.0505318056360288,1383.0,0.020588904816412956,2244.0235984633814,0.0721611049888835,69,48,22,"TSLA(+1.64%), TQQQ(+0.89%), SOXL(+0.60%)",SYMMETRIC,1
2022-09-12,1819.840498699067,-0.0312967255505083,1398.6300048828125,0.011301521968772654,2198.3601772063244,-0.02034890421309543,67,49,19,"SQQQ(+1.00%), SOXS(+0.41%), TSLA(+0.33%)",SYMMETRIC,1
2022-09-19,1722.5584582362633,-0.0534563553961718,1403.6600341796875,0.0035963973883832434,2088.3273956879752,-0.050052208304727785,68,47,21,"SQQQ(+0.81%), SOXS(+0.47%), KOLD(+0.15%)",SYMMETRIC,1
2022-09-26,1668.9320348633305,-0.0311318452598941,1430.1700439453125,0.018886346494233264,2061.526917930956,-0.012833465582244075,69,49,20,"SQQQ(+0.52%), SOXS(+0.30%), LABU(+0.06%)",SYMMETRIC,1
2022-10-03,1595.746806890823,-0.0438515328627509,1408.449951171875,-0.015187070142736125,1941.1901767185009,-0.05837262670003396,69,50,20,"SOXL(+0.18%), AAPL(+0.12%), GOOGL(+0.12%)",SYMMETRIC,1
2022-10-10,1521.8704566451772,-0.0462957844732195,1430.300048828125,0.015513577630550612,1880.0418706791088,-0.0315004200890614,71,50,22,"SOXS(+0.70%), SQQQ(+0.60%), FNGD(+0.03%)",SYMMETRIC,1
2022-10-17,1599.9526001647755,0.0513066951123576,1430.31005859375,6.99836767337203e-06,1976.5144380144538,0.05131405254314747,71,48,23,"TQQQ(+1.30%), TSLA(+1.20%), SOXL(+1.19%)",SYMMETRIC,1
2022-10-24,1644.655275114358,0.0279399995630985,1420.6500244140625,-0.006753804268974428,2018.0162880790385,0.020997494005799533,71,49,22,"TSLA(+1.68%), SOXL(+0.55%), AAPL(+0.53%)",SYMMETRIC,1
2022-10-31,1552.6364344074152,-0.055950229874491,1423.6500244140625,0.0021117093924925,1909.130846932699,-0.05395667110793656,69,48,21,"SQQQ(+1.21%), BOIL(+0.10%), NVDA(+0.08%)",SYMMETRIC,1
2022-11-07,1633.8315421617865,0.0522949906076114,1349.3699951171875,-0.052175765126999285,1904.1493409954223,-0.0026093056666492975,69,48,21,"SOXL(+2.46%), TQQQ(+2.08%), BULZ(+0.88%)",SYMMETRIC,1
2022-11-14,1579.6298546421128,-0.0331745875391518,1342.75,-0.0049059895663476905,1831.948143460489,-0.037917822925164546,68,49,19,"SQQQ(+0.16%), AAPL(+0.10%), SOXS(+0.10%)",SYMMETRIC,1
2022-11-21,1589.1054232205267,0.005998600590238,1317.8900146484375,-0.018514232248417417,1808.8167000636208,-0.012626691142672675,66,49,17,"TSLA(+0.34%), NVDA(+0.26%), SOXL(+0.17%)",SYMMETRIC,1
2022-11-28,1634.5950574637736,0.0286259385806238,1303.25,-0.01110867711699215,1839.9270181043885,0.01719926515476855,67,50,17,"TSLA(+1.42%), TQQQ(+0.42%), KOLD(+0.30%)",SYMMETRIC,1
2022-12-05,1558.8616992534362,-0.0463315717642292,1316.6300048828125,0.010266644836226746,1772.6949869415855,-0.03654059672000998,67,50,17,"SQQQ(+0.53%), SOXS(+0.15%), LABD(+0.06%)",SYMMETRIC,1
2022-12-12,1704.7989049135954,0.0936178018422357,1317.0999755859375,0.00035694971357336236,1939.3427958017858,0.09400816840336201,69,50,19,"COSM(+15.66%), SOXS(+0.30%), SQQQ(+0.29%)",SYMMETRIC,1
2022-12-19,1595.2628268606056,-0.0642516121621636,1290.199951171875,-0.020423676951398795,1777.6732945486042,-0.08336303494315578,69,50,19,"KOLD(+0.38%), SOXS(+0.37%), SQQQ(+0.24%)",SYMMETRIC,1
2022-12-26,1586.3849804780978,-0.0055651308568249,1260.260009765625,-0.023205660005688133,1726.7578012041329,-0.028641648327962344,70,50,20,"KOLD(+0.15%), SQQQ(+0.05%), LABU(+0.04%)",SYMMETRIC,1
2023-01-02,1577.1448842873851,-0.0058246241009719,1274.1800537109375,0.011045374634954364,1735.6616816855164,0.005156415378679391,69,50,19,"SOXL(+0.62%), KOLD(+0.25%), TMF(+0.18%)",SYMMETRIC,1
2023-01-09,1666.866624785632,0.0568887116156018,1239.1300048828125,-0.027507924587302113,1783.9406676240899,0.027815896639308946,100,50,50,"TSLA(+1.59%), SOXL(+1.12%), TQQQ(+0.96%)",SYMMETRIC,1
2023-01-16,1726.4715068877035,0.0357586391231134,1232.1800537109375,-0.005608734470546772,1837.3685202485603,0.029949343940697037,100,50,50,"TSLA(+1.68%), GNS(+1.15%), NVDA(+0.26%)",SYMMETRIC,1
2023-01-23,1905.3904107095864,0.1036327000521535,1231.8499755859375,-0.0002678814058106882,2027.2367764407654,0.10333705737296484,100,50,50,"TSLA(+6.17%), SOXL(+1.04%), TQQQ(+1.03%)",SYMMETRIC,1
2023-01-30,1975.2503578539663,0.0366643742677194,1224.9000244140625,-0.005641881162167683,2089.7073691844275,0.03081563706304813,100,50,50,"TSLA(+1.36%), SOXL(+0.80%), TQQQ(+0.67%)",SYMMETRIC,1
2023-02-06,1953.1990918528008,-0.0111637828154217,1264.550048828125,0.03237000867318063,2133.2670144301724,0.020844854111198075,100,50,50,"TSLA(+0.80%), SOXS(+0.25%), SQQQ(+0.24%)",SYMMETRIC,1
2023-02-13,1986.5695339983224,0.0170850182578504,1288.9599609375,0.019303239228843472,2211.596427182682,0.03671805368135428,100,50,50,"TSLA(+1.40%), KOLD(+0.10%), AAPL(+0.10%)",SYMMETRIC,1
2023-02-20,1913.110083990569,-0.0369780411662223,1298.0799560546875,0.007075468124358331,2144.885368132409,-0.03016420999343672,100,50,50,"NVDA(+0.51%), SQQQ(+0.32%), SOXS(+0.20%)",SYMMETRIC,1
2023-02-27,1959.0349875936208,0.0240053638247813,1311.06005859375,0.009999463036555634,2218.3366836018326,0.0342448676095819,100,50,50,"TQQQ(+0.50%), SOXL(+0.42%), BOIL(+0.27%)",SYMMETRIC,1
2023-03-06,1840.1824375271635,-0.0606689267007171,1325.550048828125,0.011052117818246332,2106.7824569424247,-0.05028732900827371,100,50,50,"SQQQ(+0.40%), SOXS(+0.35%), KOLD(+0.16%)",SYMMETRIC,1
2023-03-13,1923.792174558618,0.0454355694991902,1301.6199951171875,-0.018052923563386614,2162.743657536396,0.026562401072575792,100,50,50,"TQQQ(+1.11%), TSLA(+0.88%), SOXL(+0.76%)",SYMMETRIC,1
2023-03-20,1967.597951862173,0.0227705351351715,1286.2900390625,-0.011777597234365889,2185.938554925036,0.010724755709172529,100,50,50,"TSLA(+1.25%), TQQQ(+0.31%), AAPL(+0.31%)",SYMMETRIC,1
2023-03-27,2051.4980210963163,0.0426408602198121,1296.5,0.00793752624014843,2297.2396591387983,0.0509168494068577,100,50,50,"TSLA(+1.95%), TQQQ(+0.66%), SOXL(+0.57%)",SYMMETRIC,1
2023-04-03,1988.44510132316,-0.0307350624396223,1317.93994140625,0.01653678473293474,2263.4552195118927,-0.014706536818004934,99,49,50,"SOXS(+0.54%), GOOGL(+0.17%), SQQQ(+0.12%)",SYMMETRIC,1
2023-04-10,2020.217983525662,0.0159787575635657,1301.4300537109375,-0.012527041010454765,2270.814957335007,0.0032515500018159837,100,50,50,"CXAI(+1.80%), BOIL(+0.12%), BBAI(+0.06%)",SYMMETRIC,1
2023-04-17,1959.8838543714664,-0.0298651579414718,1323.5999755859375,0.017035046802387876,2240.524862038328,-0.013338865502377617,100,50,50,"PRST(+0.32%), SOXS(+0.12%), AMZN(+0.10%)",SYMMETRIC,1
2023-05-01,1978.6454659315448,0.0095728180617599,1320.1500244140625,-0.002606490809542228,2256.0771870723906,0.006941375789918158,100,50,50,"TSLA(+0.72%), AAPL(+0.21%), NVDA(+0.21%)",SYMMETRIC,1
2023-05-08,1981.2346313812136,0.0013085545107745,1329.8800048828125,0.007370359647623115,2275.679246089314,0.008688558675760572,100,50,50,"GOOGL(+0.45%), PLTR(+0.15%), NNOX(+0.14%)",SYMMETRIC,1
2023-05-15,2080.633361049919,0.0501700949974864,1334.739990234375,0.003654454036242649,2398.58388808791,0.05400789333989131,99,49,50,"TSLA(+1.43%), SOXL(+1.26%), NVDA(+0.75%)",SYMMETRIC,1
2023-05-29,2141.916125144167,0.0294538986260045,1312.8499755859375,-0.016400208886072076,2428.7356218152554,0.01257063964995675,99,49,50,"TSLA(+2.08%), TQQQ(+0.31%), AAPL(+0.30%)",SYMMETRIC,1
2023-06-05,2206.9889368342465,0.0303806535308189,1296.3299560546875,-0.01258332622802305,2471.0321440585963,0.017415037628397023,99,49,50,"TSLA(+2.88%), IONQ(+0.21%), TSLL(+0.17%)",SYMMETRIC,1
2023-06-12,2314.4032893325025,0.0486700910482738,1270.050048828125,-0.02027254489014818,2538.7653085298457,0.027410879552541845,99,49,50,"TSLA(+1.61%), NVDA(+0.74%), TQQQ(+0.66%)",SYMMETRIC,1
2023-06-19,2262.1471798022567,-0.0225786533276648,1298.2099609375,0.022172285364154165,2536.4626780776694,-0.0009069883082299945,99,49,50,"SOXS(+0.28%), AAPL(+0.08%), AMZN(+0.08%)",SYMMETRIC,1
2023-07-03,2271.1070664321737,0.0039607885419286,1309.219970703125,0.008480916105183978,2568.1058001770966,0.012475295762446992,100,50,50,"TSLA(+1.17%), SOXS(+0.18%), RIVN(+0.10%)",SYMMETRIC,1
2023-07-10,2357.661167072041,0.0381109732425958,1266.8299560546875,-0.032378069077018234,2579.6595654915673,0.004498944441336361,99,49,50,"SOXL(+0.68%), TSLA(+0.65%), TQQQ(+0.56%)",SYMMETRIC,1
2023-07-17,2294.0386700546,-0.0269854285704902,1278.4000244140625,0.00913308712355354,2532.9708185180184,-0.018098801717137403,99,49,50,"IONQ(+0.13%), CVNA(+0.11%), BOIL(+0.10%)",SYMMETRIC,1
2023-07-24,2366.986086145424,0.0317986863268911,1283.8800048828125,0.004286592900576425,2624.719042024,0.036221587250524045,99,49,50,"TSLA(+0.64%), SOXL(+0.62%), IONQ(+0.52%)",SYMMETRIC,1
2023-07-31,2270.4482522623093,-0.0407851294302808,1296.4000244140625,0.00975170536470249,2542.221107699413,-0.03143114863104368,98,48,50,"SOXS(+0.22%), SQQQ(+0.16%), AMZN(+0.13%)",SYMMETRIC,1
2023-08-07,2183.030035176534,-0.0385026247564419,1318.3299560546875,0.016916022236683315,2485.68741390608,-0.022237913776309237,99,49,50,"SOXS(+0.31%), BOIL(+0.15%), SQQQ(+0.08%)",SYMMETRIC,1
2023-08-14,2097.749772932664,-0.0390650888305227,1339.0799560546875,0.015739610485752564,2426.1791931262187,-0.02394034762655395,99,49,50,"NVDA(+0.48%), TTOO(+0.22%), SQQQ(+0.17%)",SYMMETRIC,1
2023-08-21,2178.7392314649032,0.0386077784763697,1326.6199951171875,-0.009304867032892239,2496.4017259602683,0.02894367119831953,99,49,50,"TSLA(+2.36%), NVDA(+0.50%), TQQQ(+0.25%)",SYMMETRIC,1
2023-08-28,2268.7413015263464,0.0413092437872564,1324.6400146484375,-0.0014925000950065659,2595.646400358194,0.03975508964197272,99,49,50,"SOXL(+0.97%), TQQQ(+0.62%), TSLA(+0.58%)",SYMMETRIC,1
2023-09-04,2238.438929056811,-0.0133564688266346,1334.02001953125,0.0070811728311726,2579.112456050656,-0.0063698754596375196,98,48,50,"TSLA(+0.31%), SOXS(+0.30%), IONQ(+0.28%)",SYMMETRIC,1
2023-09-11,2263.804057100855,0.0113316149548615,1327.06005859375,-0.005217283725581279,2594.729526110588,0.006055210978991532,99,49,50,"TSLA(+2.35%), TSLL(+0.18%), SOXS(+0.18%)",SYMMETRIC,1
2023-09-18,2121.299012397172,-0.0629493724320747,1341.1700439453125,0.010632514527273429,2457.244751469309,-0.052986168021668,99,49,50,"SOXS(+0.19%), SQQQ(+0.18%), UVXY(+0.06%)",SYMMETRIC,1
2023-09-25,2150.5289415870047,0.0137792593212978,1347.8499755859375,0.004980674651049233,2503.511141486767,0.0188285639799588,99,49,50,"TSLA(+0.52%), NVDA(+0.36%), IONQ(+0.33%)",SYMMETRIC,1
2023-10-02,2196.3125403250847,0.0212894594686522,1346.06005859375,-0.0013279793928173689,2553.4141500816754,0.0199332081123762,99,49,50,"TSLA(+0.93%), NVDA(+0.40%), AAPL(+0.30%)",SYMMETRIC,1
2023-10-09,2277.6821258741734,0.0370482725272993,1348.3399658203125,0.0016937633740832236,2652.4988420646478,0.03880478690846245,99,49,50,"TPST(+4.54%), TMF(+0.19%), AAPL(+0.06%)",SYMMETRIC,1
2023-10-16,2121.5596149772123,-0.0685444685733052,1356.22998046875,0.005851650806506514,2485.1423027699107,-0.06309391606160719,99,49,50,"SOXS(+0.33%), SQQQ(+0.23%), KOLD(+0.10%)",SYMMETRIC,1
2023-10-23,2058.239922228512,-0.0298458229981817,1350.3399658203125,-0.00434293204932823,2400.5005014447347,-0.03405913666627258,99,49,50,"SOXS(+0.20%), SQQQ(+0.20%), TMF(+0.07%)",SYMMETRIC,1
2023-10-30,2203.921679199212,0.0707797742126032,1333.6800537109375,-0.012337568709413382,2538.694807211424,0.05756895517560512,99,49,50,"TSLA(+1.30%), SOXL(+1.26%), TQQQ(+1.13%)",SYMMETRIC,1
2023-11-06,2233.796039221477,0.0135550915008558,1315.199951171875,-0.013856473662961388,2537.452857578652,-0.0004892079304862351,99,49,50,"SOXL(+0.70%), NVDA(+0.57%), TQQQ(+0.48%)",SYMMETRIC,1
2023-11-13,2338.3488809778432,0.0468050081209765,1292.449951171875,-0.017297750033923864,2610.2717579715277,0.028697636756240152,99,49,50,"TSLA(+1.98%), SOXL(+0.72%), IONQ(+0.36%)",SYMMETRIC,1
2023-11-20,2340.576197630334,0.0009525168252732,1300.1800537109375,0.005980968572170564,2628.3849097370244,0.0069391823706403954,99,49,50,"TQQQ(+0.14%), TSLA(+0.11%), MSFT(+0.11%)",SYMMETRIC,1
2023-11-27,2360.5606296578103,0.0085382531223334,1296.6600341796875,-0.002707332358470871,2643.650056428908,0.005807804874899736,99,49,50,"TSLA(+0.31%), TMF(+0.25%), IONQ(+0.20%)",SYMMETRIC,1
2023-12-04,2386.420623342064,0.0109550220228837,1312.760009765625,0.01241649712457038,2705.7957715520674,0.023507542146900873,99,49,50,"TSLA(+0.46%), AAPL(+0.19%), SOXL(+0.16%)",SYMMETRIC,1
2023-12-11,2495.0525522391595,0.0455208641069157,1291.9200439453125,-0.015874924331396367,2784.056313044785,0.02892329950232231,99,49,50,"SOXL(+1.79%), TSLA(+0.85%), TQQQ(+0.55%)",SYMMETRIC,1
2023-12-18,2494.20777403011,-0.0003385813289949,1291.7099609375,-0.00016261301060938038,2782.661113063366,-0.0005011392818750071,99,49,50,"GOOGL(+0.22%), MARA(+0.19%), TQQQ(+0.13%)",SYMMETRIC,1
2023-12-25,2491.714277245339,-0.0009997149438525,1277.8399658203125,-0.010737700828072017,2750.029733492211,-0.011726681131944083,99,49,50,"SOXL(+0.20%), NVDA(+0.11%), YINN(+0.07%)",SYMMETRIC,1
2024-01-01,2385.15284127833,-0.0427663143162688,1311.25,0.02614571078800143,2701.2476182188666,-0.017738759213849264,99,49,50,"SOXS(+0.47%), BOIL(+0.20%), SQQQ(+0.14%)",SYMMETRIC,1
2024-01-08,2400.344265136644,0.0063691615880565,1311.989990234375,0.0005643395495709136,2719.9864309356126,0.0069370955074092855,99,49,50,"NVDA(+0.92%), SOXL(+0.55%), TQQQ(+0.52%)",SYMMETRIC,1
2024-01-15,2444.250686479505,0.0182917183924706,1337.6600341796875,0.019565731550075904,2823.9316393494255,0.03821534079420319,99,49,50,"SOXL(+1.58%), NVDA(+0.74%), TQQQ(+0.45%)",SYMMETRIC,1
2024-01-22,2391.2338893501337,-0.0216904090168151,1336.030029296875,-0.0012185494379459705,2759.312945617718,-0.022882527619044746,99,49,50,"NVDA(+0.23%), GOOGL(+0.13%), ASML(+0.11%)",SYMMETRIC,1
2024-01-29,2432.7308990630627,0.017353806291281,1328.949951171875,-0.005299340561024768,2792.321232250196,0.011962502000688602,99,49,50,"NVDA(+0.74%), TSLA(+0.51%), META(+0.20%)",SYMMETRIC,1
2024-02-05,2536.355667793835,0.042596067148521,1331.469970703125,0.0018962486352687158,2916.783613705941,0.044573088517988024,99,49,50,"SOXL(+1.13%), NVDA(+0.89%), TSLA(+0.54%)",SYMMETRIC,1
2024-02-12,2549.427816800633,0.005153910065842,1327.6600341796875,-0.0028614513336906455,2923.4272040296896,0.0022777110693197322,99,49,50,"TSLA(+0.54%), NNOX(+0.27%), SOUN(+0.18%)",SYMMETRIC,1
2024-02-19,2578.525293718582,0.0114133362498823,1327.1700439453125,-0.00036906302951100756,2955.702018632529,0.011040060979918165,99,49,50,"NVDA(+1.07%), SOXL(+0.30%), TQQQ(+0.20%)",SYMMETRIC,1
2024-02-26,2691.322585951476,0.0437448849183966,1335.199951171875,0.006050398186122186,3103.6643348173243,0.050059957076881156,99,49,50,"SOXL(+1.21%), TSLA(+0.95%), NVDA(+0.55%)",SYMMETRIC,1
2024-03-04,2639.6114124323904,-0.0192140376590359,1321.1800537109375,-0.010500223167797862,3012.067412757799,-0.029512509143459487,99,49,50,"NVDA(+0.85%), SMCI(+0.40%), COIN(+0.14%)",SYMMETRIC,1
2024-03-11,2581.1718955115925,-0.0221394394059488,1321.9200439453125,0.0005600979459965405,2947.0316311549036,-0.021591741714488966,99,49,50,"SOUN(+0.36%), MSTR(+0.33%), SOXS(+0.21%)",SYMMETRIC,1
2024-03-18,2659.601396885399,0.0303852298679479,1334.6800537109375,0.009652633549259493,3065.888838067359,0.04033116090643274,99,49,50,"NVDA(+1.07%), TSLA(+0.69%), SOXL(+0.55%)",SYMMETRIC,1
2024-03-25,2673.006448010884,0.0050402481895155,1349.800048828125,0.011328554041957872,3116.2488244619444,0.01642590095547325,99,49,50,"TSLA(+0.44%), MSTR(+0.18%), BITX(+0.17%)",SYMMETRIC,1
2024-04-01,2589.1437131173025,-0.0313739366233058,1351.3599853515625,0.0011556797058882573,3021.9682272245377,-0.030254515139266913,99,49,50,"META(+0.09%), SOXS(+0.09%), MSFT(+0.06%)",SYMMETRIC,1
2024-04-08,2583.6964583988165,-0.0021038827203329,1367.8399658203125,0.012195107630379232,3052.386053407346,0.010065567833830169,99,49,50,"TSLA(+0.57%), AAPL(+0.23%), CPNG(+0.14%)",SYMMETRIC,1
2024-04-15,2337.6220676679645,-0.0952412153257937,1379.4000244140625,0.008451323899442587,2785.012889876315,-0.08759480578564594,99,49,50,"SOXS(+0.56%), SQQQ(+0.22%), TSLZ(+0.10%)",SYMMETRIC,1
2024-04-22,2556.419079683761,0.0935981119625856,1371.699951171875,-0.005582190159419742,3028.6832462279303,0.08749343934362797,99,49,50,"TSLA(+2.17%), NVDA(+2.14%), SOXL(+2.06%)",SYMMETRIC,1
2024-04-29,2604.342621863918,0.0187463560106449,1364.6400146484375,-0.0051468519171455895,3069.579614782867,0.013503019375126435,100,50,50,"TSLA(+1.09%), AAPL(+0.51%), NVDA(+0.17%)",SYMMETRIC,1
2024-05-06,2593.8957496523067,-0.004011327896686,1365.4000244140625,0.0005569305878962982,3058.9692096858034,-0.00345663133999341,99,49,50,"SOXL(+0.39%), TQQQ(+0.21%), NVDA(+0.17%)",SYMMETRIC,1
2024-05-13,2737.5893515503712,0.0553968300064972,1346.0400390625,-0.01417898418441177,3182.6506000246304,0.040432375045556856,99,49,50,"SOXL(+3.25%), TSLA(+0.70%), NVDA(+0.31%)",SYMMETRIC,1
2024-05-20,2909.826856034136,0.062915756297131,1367.6199951171875,0.01603217989690542,3437.1245621019457,0.07995661291734191,99,49,50,"SOXL(+4.06%), NVDA(+1.60%), YANG(+0.21%)",SYMMETRIC,1
2024-05-27,2852.0680231495407,-0.0198495772230637,1375.6199951171875,0.005849578120064258,3388.6057311024665,-0.01411611075561603,99,49,50,"NVDA(+0.32%), YANG(+0.12%), AAPL(+0.06%)",SYMMETRIC,1
2024-06-03,2977.562500825388,0.044001221800195,1365.25,-0.0075384155173638945,3511.03980664088,0.0361311067896295,99,49,50,"SOXL(+2.06%), NVDA(+1.20%), TQQQ(+0.25%)",SYMMETRIC,1
2024-06-10,3124.181291592713,0.0492412134847487,1373.739990234375,0.0062186341214978125,3706.8366656062176,0.05576606069660661,99,49,50,"NVDA(+1.69%), SOXL(+1.01%), NVDL(+0.52%)",SYMMETRIC,1
2024-06-17,3113.4498330345914,-0.003434966654144,1391.8199462890625,0.01316111941358189,3742.7223465747948,0.009680944753120979,100,50,50,"TSLA(+0.43%), MSFT(+0.09%), SMR(+0.09%)",SYMMETRIC,1
2024-06-24,3117.392135735497,0.0012662168694921,1386.949951171875,-0.0034990123041217513,3734.349031043458,-0.002237225943035659,99,49,50,"TSLA(+1.09%), TSLL(+0.16%), AAPL(+0.09%)",SYMMETRIC,1
2024-07-01,3351.8333070094013,0.0752042608263627,1380.25,-0.004830708682900919,3995.79178610593,0.0700102622676968,99,49,50,"TSLA(+3.65%), SOXL(+0.62%), TSLL(+0.61%)",SYMMETRIC,1
2024-07-08,3388.928844069521,0.0110672380343453,1371.27001953125,-0.006506053590835004,4013.7296162736234,0.00448918039975621,99,49,50,"NVDA(+0.46%), SOXL(+0.32%), SMR(+0.13%)",SYMMETRIC,1
2024-07-15,3188.9385309295285,-0.0590128392603954,1385.239990234375,0.010187614768899067,3815.345312173378,-0.04942642456430013,99,49,50,"SOXS(+0.43%), MSTR(+0.20%), BITX(+0.18%)",SYMMETRIC,1
2024-07-22,3039.021601277071,-0.047011545753677,1381.4300537109375,-0.002750380114851403,3625.979704287526,-0.04963262624791909,99,49,50,"SOXS(+0.09%), IONQ(+0.08%), SQQQ(+0.05%)",SYMMETRIC,1
2024-07-29,2853.9519159422075,-0.0608977854112959,1368.969970703125,-0.009019698807291032,3374.452002516595,-0.069368204536146,99,49,50,"SOXS(+0.39%), TMF(+0.30%), SQQQ(+0.06%)",SYMMETRIC,1
2024-08-05,2822.038842553988,-0.011182064144092,1373.760009765625,0.003499009594812197,3348.393874393026,-0.007722180699009762,99,49,50,"SOXL(+0.35%), PLTR(+0.17%), TSM(+0.15%)",SYMMETRIC,1
2024-08-12,3082.026964064809,0.0921277615284446,1363.510009765625,-0.00746127411420916,3629.5889681370027,0.08397909693194316,100,50,50,"NVDA(+3.01%), SOXL(+2.12%), TSLA(+1.24%)",SYMMETRIC,1
2024-08-19,3136.5923922130587,0.0177043967442403,1339.5400390625,-0.01757960743335152,3628.912242040273,-0.00018644703371928362,99,49,50,"NVDA(+0.63%), TSLA(+0.29%), NVDL(+0.16%)",SYMMETRIC,1
2024-08-26,3040.22522528392,-0.0307235224979762,1332.8800048828125,-0.004971881381275245,3499.931083724616,-0.035542650169776535,99,49,50,"SOXS(+0.06%), AAPL(+0.05%), INTC(+0.04%)",SYMMETRIC,1
2024-09-02,2805.48864433605,-0.0772102602779857,1332.7900390625,-6.749731407396098e-05,3229.4824976866316,-0.07727254610687195,99,49,50,"SOXS(+1.00%), TMF(+0.22%), SQQQ(+0.22%)",SYMMETRIC,1
2024-09-09,3079.435473737419,0.0976467432703515,1335.68994140625,0.0021758133380032074,3552.5438364876804,0.10003501769477507,99,49,50,"NVDA(+2.48%), SOXL(+2.28%), TSLA(+1.43%)",SYMMETRIC,1
2024-09-16,3114.5621034455853,0.0114068406393766,1327.6099853515625,-0.006049275212914096,3571.3316859192914,0.005288562308125133,100,50,50,"TSLA(+0.56%), TQQQ(+0.16%), AAPL(+0.15%)",SYMMETRIC,1
2024-09-23,3241.8143557192857,0.0408571889232593,1313.300048828125,-0.010778720167314848,3677.179102096326,0.029638080549717616,99,49,50,"TSLA(+1.51%), SOXL(+0.94%), NVDA(+0.71%)",SYMMETRIC,1
2024-09-30,3224.7878536446724,-0.0052521520995101,1334.4100341796875,0.01607400027921968,3716.6625372306676,0.010737425085395547,99,49,50,"NVDA(+0.43%), NVDL(+0.11%), YINN(+0.10%)",SYMMETRIC,1
2024-10-07,3207.149868416207,-0.0054695025003057,1349.739990234375,0.01148819003306678,3738.798432390508,0.005955852848651189,99,49,50,"NVDA(+1.19%), SOXL(+0.41%), NVDL(+0.35%)",SYMMETRIC,1
2024-10-14,3265.3712515433617,0.0181536209768413,1370.050048828125,0.015047385971147964,3863.9516122814025,0.033474171489601856,99,49,50,"IONQ(+0.37%), NVDA(+0.36%), OKLO(+0.35%)",SYMMETRIC,1
2024-10-21,3452.13587289731,0.0571955244800036,1376.3199462890625,0.004576400304719064,4103.6467284964965,0.062033674400381544,99,49,50,"TSLA(+3.52%), TSLL(+1.24%), IONQ(+0.45%)",SYMMETRIC,1
2024-10-28,3300.807868805331,-0.0438360509735592,1372.9300537109375,-0.002463012025121891,3914.094795576911,-0.04619109427799939,99,49,50,"SOXS(+0.28%), AMZN(+0.09%), GOOGL(+0.08%)",SYMMETRIC,1
2024-11-04,3764.398794415714,0.1404477158430221,1372.0799560546875,-0.0006191849715521114,4461.0565386585085,0.13974156775653124,99,49,50,"TSLA(+5.13%), TSLL(+1.93%), IONQ(+1.39%)",SYMMETRIC,1
2024-11-11,3733.334965361797,-0.0082520027102332,1400.8299560546875,0.020953589383135185,4516.9476777712225,0.012528677596523208,99,49,50,"MSTR(+0.59%), IONQ(+0.49%), MSTU(+0.44%)",SYMMETRIC,1
2024-11-18,3981.411262870679,0.0664489792131044,1399.5999755859375,-0.0008780369547594091,4812.864653360741,0.06551259759898986,100,50,50,"TSLA(+2.08%), TSLL(+0.84%), MSTR(+0.59%)",SYMMETRIC,1
2024-11-25,3970.2220754786217,-0.0028103570953355,1393.300048828125,-0.004501233829455442,4777.735838935069,-0.007298940850360536,100,50,50,"IONQ(+0.47%), TMF(+0.17%), AAPL(+0.14%)",SYMMETRIC,1
2024-12-02,4226.081697931599,0.0644446626885807,1399.989990234375,0.004801508054117054,5110.054132888559,0.06955560230964175,100,50,50,"TSLA(+2.66%), TSLL(+1.10%), NVDA(+0.39%)",SYMMETRIC,1
2024-12-09,4434.765204383943,0.0493799035060021,1427.8599853515625,0.019907281703151147,5469.138683645795,0.0702702048587216,100,50,50,"TSLA(+2.50%), LAES(+1.57%), RGTI(+1.08%)",SYMMETRIC,1
2024-12-16,4420.729167659408,-0.0031650010942315,1437.449951171875,0.006716320870880921,5488.445085642315,0.0035300626137440005,100,50,50,"IONQ(+1.03%), QUBT(+0.80%), RGTI(+0.52%)",SYMMETRIC,1
2024-12-23,4582.253475035455,0.0365379332798095,1466.989990234375,0.020550307882662322,5805.891847889313,0.05783910694076799,100,50,50,"RGTI(+1.46%), LAES(+1.08%), TSLA(+0.59%)",SYMMETRIC,1
2024-12-30,4554.811198734513,-0.0059888167362305,1471.6500244140625,0.0031765957577822856,5789.453945460206,-0.0028312450282866886,99,49,50,"NVDA(+0.61%), RGTI(+0.21%), IONQ(+0.18%)",SYMMETRIC,1
2025-01-06,4241.562479537197,-0.068773151186672,1455.22998046875,-0.011157573929202469,5331.14118195762,-0.07916338359716502,98,48,50,"MSTX(+0.17%), NVDS(+0.05%), SOXS(+0.04%)",SYMMETRIC,1
2025-01-13,4500.832363607527,0.0611260320509576,1453.3199462890625,-0.001312530806348744,5649.587685288299,0.05973327144447227,98,48,50,"TSLA(+1.73%), IONQ(+0.81%), SOXL(+0.68%)",SYMMETRIC,1
2025-01-20,4550.246921903513,0.0109789821757278,1433.9300537109375,-0.013341792099967775,5635.411235801439,-0.002509289221897748,99,49,50,"RGTI(+0.68%), NVDA(+0.43%), PLTR(+0.25%)",SYMMETRIC,1
2025-01-27,4358.734272831532,-0.0420884080268473,1441.6600341796875,0.0053907653645624,5427.326316704026,-0.03692453139452567,100,50,50,"AAPL(+0.23%), SOXS(+0.13%), PLTR(+0.11%)",SYMMETRIC,1
2025-02-03,4290.616218817854,-0.0156279437446473,1442.1500244140625,0.00033987918285727226,5344.324173720693,-0.01529337617453963,99,49,50,"PLTR(+0.95%), NVDA(+0.89%), NVDL(+0.26%)",SYMMETRIC,1
2025-02-10,4412.255928292793,0.0283501723928254,1438.739990234375,-0.0023645488485658506,5482.841511062524,0.025918588176771395,99,49,50,"NVDA(+0.74%), SOXL(+0.34%), PLTR(+0.30%)",SYMMETRIC,1
2025-02-17,4199.173476373113,-0.0482933119435179,1431.699951171875,-0.004893197596706256,5192.523951975001,-0.05295020082228519,99,49,50,"SMCX(+0.11%), SMCI(+0.08%), MSTZ(+0.07%)",SYMMETRIC,1
2025-02-24,3780.910704721964,-0.099605975796077,1449.8599853515625,0.012684245860889565,4734.620414009722,-0.0881851566213987,99,49,50,"SOXS(+0.18%), TMF(+0.09%), MSTZ(+0.08%)",SYMMETRIC,1
2025-03-03,3534.10104758634,-0.0652778328849143,1446.5,-0.0023174550546325445,4415.298629848373,-0.06744400949577223,99,49,50,"MSTR(+0.16%), RGTI(+0.12%), MSTU(+0.12%)",SYMMETRIC,1
2025-03-10,3528.467437161643,-0.0015940716886248,1453.22998046875,0.004652596245247054,4428.770182752602,0.0030511079846691214,98,48,50,"NVDA(+1.11%), IONQ(+0.53%), QBTS(+0.43%)",SYMMETRIC,1
2025-03-17,3506.494214490177,-0.0062274126268093,1465.8199462890625,0.008663436613282283,4439.319837478093,0.0023820731919159677,101,51,50,"PLTR(+0.18%), AAPL(+0.08%), PLTU(+0.04%)",SYMMETRIC,1
2025-03-24,3418.854309241633,-0.0249935975614568,1461.8900146484375,-0.0026810466391689047,4316.760714869395,-0.027607635199882852,99,49,50,"TSLA(+1.10%), TSLL(+0.36%), SOXS(+0.14%)",SYMMETRIC,1
2025-03-31,3033.9745043367407,-0.112575667194858,1450.6800537109375,-0.007668128809400043,3801.4234409524797,-0.11938055128740377,99,49,50,"SOXS(+0.53%), UVIX(+0.40%), SQQQ(+0.32%)",SYMMETRIC,1
2025-04-07,3285.5355245825763,0.0829146783818573,1452.0400390625,0.0009374812510061226,4120.476494435144,0.08392989058927958,100,50,50,"NVDA(+1.99%), TSLA(+1.07%), PLTR(+0.81%)",SYMMETRIC,1
2025-04-14,3174.998693010738,-0.0336434747835763,1414.22998046875,-0.026039267221695805,3878.1649082048566,-0.05880669057511623,99,49,50,"PLTR(+0.24%), SQQQ(+0.10%), SOXS(+0.10%)",SYMMETRIC,1
2025-04-21,3585.2373883045607,0.1292090910767613,1430.06005859375,0.0111934256405406,4428.277981812145,0.14184880907035158,100,50,50,"TSLA(+3.40%), SOXL(+2.30%), TSLL(+1.52%)",SYMMETRIC,1
2025-04-28,3695.767769272942,0.0308293061231993,1435.0999755859375,0.003524269461202545,4580.886300035063,0.034462226366481774,100,50,50,"SOXL(+0.52%), PLTR(+0.44%), TQQQ(+0.40%)",SYMMETRIC,1
2025-05-05,3742.936286974568,0.0127628467605001,1403.8499755859375,-0.02177548639929483,4538.327315510628,-0.009290556834844255,99,49,50,"TSLA(+0.76%), SOXL(+0.43%), TSLL(+0.33%)",SYMMETRIC,1
2025-05-12,4189.789172954352,0.1193856511891034,1397.02001953125,-0.004865160931342927,5055.422786136188,0.1139396598518323,98,48,50,"TSLA(+3.32%), NVDA(+1.87%), TSLL(+1.41%)",SYMMETRIC,1
2025-05-19,4116.057820263819,-0.0175978670159535,1381.3399658203125,-0.011223929143262201,4910.714954112039,-0.02862427894675601,98,48,50,"IONQ(+0.74%), SOXS(+0.25%), QBTS(+0.22%)",SYMMETRIC,1
2025-05-26,4182.336150813515,0.0161023808323099,1370.4100341796875,-0.007912557307450552,4950.307163809469,0.008062412513737405,98,48,50,"TSLA(+0.43%), NVDA(+0.35%), PLTR(+0.29%)",SYMMETRIC,1
2025-06-02,4083.240792390863,-0.0236937813818186,1354.550048828125,-0.011573167851953281,4777.082366539306,-0.03499273712479256,99,49,50,"SOXL(+0.73%), NVDA(+0.57%), TQQQ(+0.21%)",SYMMETRIC,1
2025-06-09,4260.318923625304,0.0433670557867729,1349.7900390625,-0.00351408925033303,4966.73526340183,0.039700570831880944,99,49,50,"TSLA(+2.17%), TSLL(+1.20%), PLTR(+0.33%)",SYMMETRIC,1
2025-06-16,4335.493007122592,0.01764517747261,1374.8900146484375,0.018595466598176014,5148.362634982523,0.03656876437909684,99,49,50,"CRCL(+1.47%), SOXL(+0.30%), IONQ(+0.18%)",SYMMETRIC,1
2025-06-23,4456.840302527376,0.0279892725476499,1352.760009765625,-0.016095836501126337,5207.274963989779,0.011442925291811124,99,49,50,"NVDA(+1.05%), SOXL(+0.91%), TQQQ(+0.36%)",SYMMETRIC,1
2025-06-30,4502.774044404588,0.0103063468195535,1357.0999755859375,0.0032082304244522852,5277.82126297331,0.013547642379437175,99,49,50,"SOXL(+0.27%), IONQ(+0.27%), AAPL(+0.21%)",SYMMETRIC,1
2025-07-07,4541.131386243425,0.0085186024127733,1372.6400146484375,0.011450916912580711,5383.731646021918,0.02006706513379397,99,49,50,"NVDA(+0.39%), PLTR(+0.24%), ETHU(+0.23%)",SYMMETRIC,1
2025-07-14,4808.85622682902,0.0589555372470879,1391.5799560546875,0.013798185397575491,5779.797719957525,0.0735672020778122,98,48,50,"TSLA(+0.90%), BIMI(+0.64%), NVDA(+0.50%)",SYMMETRIC,1
2025-07-21,4738.049852571731,-0.0147241611970543,1372.0,-0.014070306179315262,5614.5689437384135,-0.028587293920093404,98,48,50,"PLTR(+0.16%), GOOGL(+0.10%), TQQQ(+0.07%)",SYMMETRIC,1
2025-07-28,4538.790486727237,-0.0420551433700806,1391.510009765625,0.014220123735878332,5454.929629978293,-0.028433048976654995,97,47,50,"UVIX(+0.09%), META(+0.06%), MSFT(+0.05%)",SYMMETRIC,1
2025-08-04,4860.062823414116,0.0707836895371959,1384.969970703125,-0.004699958330591891,5813.596985272847,0.06575105081529364,98,48,50,"TSLA(+1.58%), PLTR(+0.97%), TSLL(+0.85%)",SYMMETRIC,1
2025-08-11,4857.544932574281,-0.0005180778379456,1387.8699951171875,0.0020939258434535812,5822.752023800554,0.0015747631889342362,98,48,50,"SOXL(+0.32%), OPEN(+0.23%), ETHU(+0.21%)",SYMMETRIC,1
2025-08-18,4839.13377926077,-0.0037902178094221,1399.6099853515625,0.008458998519802696,5849.750490276132,0.004636719263541034,97,47,50,"TSLA(+0.47%), ETHU(+0.29%), OPEN(+0.21%)",SYMMETRIC,1
2025-08-25,4764.577358298023,-0.0154069766126897,1384.4100341796875,-0.010860133416422446,5697.073241412886,-0.026099788207554653,96,46,50,"IONQ(+0.17%), GOOGL(+0.08%), AAPL(+0.07%)",SYMMETRIC,1
2025-09-01,4824.434225451323,0.012562891239252,1392.06005859375,0.005525837161816982,5800.521545581019,0.018158148892338577,97,47,50,"TSLA(+0.85%), TSLL(+0.36%), GOOGL(+0.24%)",SYMMETRIC,1
2025-09-08,5213.05549169957,0.0805527131446985,1389.5,-0.0018390432064663287,6256.242595192514,0.07856553001836097,96,46,50,"TSLA(+2.18%), TSLL(+1.06%), IONQ(+0.86%)",SYMMETRIC,1
2025-09-15,5477.904748914389,0.0508049948128352,1386.75,-0.001979129183159456,6561.079992502013,0.04872531598179153,97,47,50,"TSLA(+1.31%), IONQ(+0.65%), TSLL(+0.64%)",SYMMETRIC,1
2025-09-22,5458.618733281537,-0.0035206920377127,1408.9200439453125,0.015987051700243393,6642.503481889557,0.012410074176903096,97,47,50,"TSLA(+0.61%), TSLL(+0.25%), AAPL(+0.12%)",SYMMETRIC,1
2025-09-29,5611.559408781745,0.0280182007524575,1405.6300048828125,-0.002335149589672292,6812.668641647834,0.025617624472794587,96,46,50,"NVDA(+0.58%), SOXL(+0.49%), IONQ(+0.29%)",SYMMETRIC,1
2025-10-06,5441.837547591199,-0.0302450439934649,1421.510009765625,0.011297428788265229,6681.256988572748,-0.019289306435913867,96,46,50,"AMD(+0.18%), IREN(+0.15%), UVIX(+0.12%)",SYMMETRIC,1
2025-10-13,5599.884293064063,0.0290429003237745,1415.719970703125,-0.004073160950484378,6847.295865564132,0.02485144296580244,98,48,50,"TSLA(+1.08%), SOXL(+0.73%), TSLL(+0.46%)",SYMMETRIC,1
2025-10-20,5682.3721448126935,0.0147302778828481,1435.8399658203125,0.014211846645911796,7046.904598579726,0.029151468979082606,98,48,50,"BYND(+0.72%), SOXL(+0.29%), NVDA(+0.18%)",SYMMETRIC,1
2025-10-27,5906.024494044958,0.03935897606362,1424.02001953125,-0.008232077787519776,7263.9696407344245,0.030802892123507286,97,47,50,"TSLA(+0.91%), NVDA(+0.91%), SOXL(+0.45%)",SYMMETRIC,1
2025-11-03,5517.865169808403,-0.0657226065736665,1447.9000244140625,0.016769430594573587,6900.369412736612,-0.050055306668524424,97,47,50,"SOXS(+0.07%), IREN(+0.04%), MU(+0.03%)",SYMMETRIC,1
2025-11-10,5299.931102773406,-0.039496084142731,1468.7099609375,0.014372495457245948,6723.090324832831,-0.025691245975405397,98,48,50,"IONZ(+0.18%), NVDA(+0.13%), MSFT(+0.07%)",SYMMETRIC,1
2025-11-17,4994.1077835962415,-0.057703263164521,1473.25,0.00309117469292719,6354.729117761773,-0.05479045933838733,98,48,50,"GOOGL(+0.33%), SOXS(+0.16%), UVIX(+0.08%)",SYMMETRIC,1
2025-11-24,5398.917271591015,0.0810574191699306,1461.4000244140625,-0.008043424799550336,6814.570122231973,0.07236201511484142,99,49,50,"SOXL(+1.82%), TSLA(+1.68%), TSLL(+0.64%)",SYMMETRIC,1
2025-12-01,5582.932032394593,0.0340836415056513,1472.3800048828125,0.007513329879101693,7099.780686913045,0.04185305302686615,98,48,50,"TSLA(+0.99%), SOXL(+0.81%), NVDA(+0.38%)",SYMMETRIC,1
2025-12-08,5453.202316040106,-0.0232368432217586,1470.8499755859375,-0.0010391538134184586,6927.597867956604,-0.02425185038093136,99,49,50,"RKLB(+0.18%), TSLA(+0.15%), SOXS(+0.08%)",SYMMETRIC,1
2025-12-15,5545.297326860712,0.0168882439130705,1474.3599853515625,0.002386381904263768,7061.40391933589,0.01931492761700304,98,48,50,"TSLA(+0.84%), TSLL(+0.42%), NVDA(+0.39%)",SYMMETRIC,1
2025-12-22,5603.0448928550495,0.0104137907474527,1446.52001953125,-0.018882746477736245,7000.212640829194,-0.008665596700839995,99,49,50,"NVDA(+0.58%), SOXL(+0.39%), AGQ(+0.10%)",SYMMETRIC,1
2025-12-29,5490.640339508966,-0.0200613337025768,1443.6400146484375,-0.0019909886098540275,6846.121297119654,-0.022012380425530553,98,48,50,"SOXL(+0.48%), ETHU(+0.10%), MU(+0.09%)",SYMMETRIC,1
2026-01-05,5649.579274093167,0.0289472492744654,1450.0799560546875,0.0044609053094293305,7075.721621778555,0.033537285521876514,99,49,50,"SOXL(+0.96%), TSLA(+0.28%), PLTR(+0.24%)",SYMMETRIC,1
2026-01-12,5731.582850712183,0.0145149882213448,1468.8399658203125,0.012937224383589463,7271.294540973008,0.027639996264479105,99,49,50,"SOXL(+1.04%), IREN(+0.28%), AGQ(+0.24%)",SYMMETRIC,1
