date,NDX,GSPC,KS11
2020-01-02,8872.2197,3257.8501,2175.17
2020-01-03,8793.9004,3234.8501,2176.46
2020-01-06,8848.5195,3246.28,2155.07
2020-01-07,8846.4502,3237.1799,2175.54
2020-01-08,8912.3701,3253.05,2151.31
2020-01-09,8989.6299,3274.7,2186.45
2020-01-10,8966.6396,3265.3501,2206.39
2020-01-13,9070.6504,3288.1299,2229.26
2020-01-14,9033.4199,3283.1499,2238.88
2020-01-15,9035.6699,3289.29,2230.98
2020-01-16,9125.0,3316.8101,2248.05
2020-01-17,9173.7305,3329.6201,2250.57
2020-01-20,,,2262.64
2020-01-21,9166.6299,3320.79,2239.69
2020-01-22,9188.5801,3321.75,2267.25
2020-01-23,9216.9805,3325.54,2246.13
2020-01-24,9141.4697,3295.47,
2020-01-27,8952.1797,3243.6299,
2020-01-28,9090.9297,3276.24,2176.72
2020-01-29,9101.6104,3273.3999,2185.28
2020-01-30,9136.0898,3283.6599,2148.0
2020-01-31,8991.5098,3225.52,2119.01
2020-02-03,9126.2305,3248.9199,2118.88
2020-02-04,9334.0596,3297.5901,2157.9
2020-02-05,9367.4805,3334.6899,2165.63
2020-02-06,9445.9199,3345.78,2227.94
2020-02-07,9401.0996,3327.71,2211.95
2020-02-10,9516.8398,3352.0901,2201.07
2020-02-11,9517.8604,3357.75,2223.12
2020-02-12,9613.2002,3379.45,2238.38
2020-02-13,9595.7002,3373.9399,2232.96
2020-02-14,9623.5801,3380.1599,2243.59
2020-02-17,,,2242.17
2020-02-18,9629.7998,3370.29,2208.88
2020-02-19,9718.7305,3386.1499,2210.34
2020-02-20,9627.8301,3373.23,2195.5
2020-02-21,9446.6904,3337.75,2162.84
2020-02-24,9079.6299,3225.8899,2079.04
2020-02-25,8834.8701,3128.21,2103.61
2020-02-26,8873.7598,3116.3899,2076.77
2020-02-27,8436.6699,2978.76,2054.89
2020-02-28,8461.8301,2954.22,1987.01
2020-03-02,8877.9805,3090.23,2002.51
2020-03-03,8594.4902,3003.3701,2014.15
2020-03-04,8949.2803,3130.1201,2059.33
2020-03-05,8671.6602,3023.9399,2085.26
2020-03-06,8530.3398,2972.3701,2040.22
2020-03-09,7948.0298,2746.5601,1954.77
2020-03-10,8372.2695,2882.23,1962.93
2020-03-11,8006.1201,2741.3799,1908.27
2020-03-12,7263.6499,2480.6399,1834.33
2020-03-13,7995.2598,2711.02,1771.44
2020-03-16,7020.3799,2386.1299,1714.86
2020-03-17,7473.9502,2529.1899,1672.44
2020-03-18,7175.1802,2398.1001,1591.2
2020-03-19,7288.52,2409.3899,1457.64
2020-03-20,6994.29,2304.9199,1566.15
2020-03-23,7006.9199,2237.3999,1482.46
2020-03-24,7553.8301,2447.3301,1609.97
2020-03-25,7469.6201,2475.5601,1704.76
2020-03-26,7897.1299,2630.0701,1686.24
2020-03-27,7588.3701,2541.47,1717.73
2020-03-30,7889.0098,2626.6499,1717.12
2020-03-31,7813.5,2584.5901,1754.64
2020-04-01,7486.29,2470.5,1685.46
2020-04-02,7635.6602,2526.8999,1724.86
2020-04-03,7528.1099,2488.6499,1725.44
2020-04-06,8081.6602,2663.6799,1791.88
2020-04-07,8049.3101,2659.4099,1823.6
2020-04-08,8229.54,2749.98,1807.14
2020-04-09,8238.5303,2789.8201,1836.21
2020-04-10,,,1860.7
2020-04-13,8332.7402,2761.6299,1825.76
2020-04-14,8692.1602,2846.0601,1857.08
2020-04-15,8591.96,2783.3601,
2020-04-16,8757.8301,2799.55,1857.07
2020-04-17,8832.4102,2874.5601,1914.53
2020-04-20,8726.5098,2823.1599,1898.36
2020-04-21,8403.0,2736.5601,1879.38
2020-04-22,8664.6396,2799.3101,1896.15
2020-04-23,8641.5,2797.8,1914.73
2020-04-24,8786.5996,2836.74,1889.01
2020-04-27,8837.6602,2878.48,1922.77
2020-04-28,8677.5996,2863.3899,1934.09
2020-04-29,8982.7598,2939.51,1947.56
2020-04-30,9000.5098,2912.4299,
2020-05-01,8718.1797,2830.71,
2020-05-04,8834.1104,2842.74,1895.37
2020-05-05,8930.6201,2868.4399,
2020-05-06,8984.8604,2848.4199,1928.76
2020-05-07,9101.8799,2881.1899,1928.61
2020-05-08,9220.3496,2929.8,1945.82
2020-05-11,9298.9199,2930.1899,1935.4
2020-05-12,9112.4502,2870.1201,1922.17
2020-05-13,9000.0801,2820.0,1940.42
2020-05-14,9094.4199,2852.5,1924.96
2020-05-15,9152.6396,2863.7,1927.28
2020-05-18,9331.9297,2953.9099,1937.11
2020-05-19,9298.54,2922.9399,1980.61
2020-05-20,9485.0195,2971.6101,1989.64
2020-05-21,9377.9902,2948.51,1998.31
2020-05-22,9413.9902,2955.45,1970.13
2020-05-25,,,1994.6
2020-05-26,9389.9805,2991.77,2029.78
2020-05-27,9442.0498,3036.1299,2031.2
2020-05-28,9416.71,3029.73,2028.54
2020-05-29,9555.5303,3044.3101,2029.6
2020-06-01,9598.8896,3055.73,2065.08
2020-06-02,9657.3096,3080.8201,2087.19
2020-06-03,9704.6904,3122.8701,2147.0
2020-06-04,9629.6602,3112.3501,2151.18
2020-06-05,9824.3896,3193.9299,2181.87
2020-06-08,9901.5195,3232.3899,2184.29
2020-06-09,9967.1699,3207.1799,2188.92
2020-06-10,10094.2598,3190.1399,2195.69
2020-06-11,9588.4805,3002.1001,2176.78
2020-06-12,9663.7803,3041.3101,2132.3
2020-06-15,9776.8896,3066.5901,2030.82
2020-06-16,9949.3701,3124.74,2138.05
2020-06-17,9982.4805,3113.49,2141.05
2020-06-18,10012.0498,3115.3401,2133.48
2020-06-19,10008.6396,3097.74,2141.32
2020-06-22,10130.3301,3117.8601,2126.73
2020-06-23,10209.8203,3131.29,2131.24
2020-06-24,10002.7002,3050.3301,2161.51
2020-06-25,10101.8301,3083.76,2112.37
2020-06-26,9849.3604,3009.05,2134.65
2020-06-29,9961.1602,3053.24,2093.48
2020-06-30,10156.8496,3100.29,2108.33
2020-07-01,10279.25,3115.8601,2106.7
2020-07-02,10341.8896,3130.01,2135.37
2020-07-03,,,2152.41
2020-07-06,10604.0596,3179.72,2187.93
2020-07-07,10524.0098,3145.3201,2164.17
2020-07-08,10666.7002,3169.9399,2158.88
2020-07-09,10754.5898,3152.05,2167.9
2020-07-10,10836.3301,3185.04,2150.25
2020-07-13,10602.21,3155.22,2186.06
2020-07-14,10689.5195,3197.52,2183.61
2020-07-15,10701.6797,3226.5601,2201.88
2020-07-16,10626.46,3215.5701,2183.76
2020-07-17,10645.2197,3224.73,2201.19
2020-07-20,10952.0801,3251.8401,2198.2
2020-07-21,10833.0703,3257.3,2228.83
2020-07-22,10870.75,3276.02,2228.66
2020-07-23,10580.5898,3235.6599,2216.19
2020-07-24,10483.1299,3215.6299,2200.44
2020-07-27,10674.3799,3239.4099,2217.86
2020-07-28,10532.5,3218.4399,2256.99
2020-07-29,10662.9805,3258.4399,2263.16
2020-07-30,10715.5098,3246.22,2267.01
2020-07-31,10905.8799,3271.1201,2249.37
2020-08-03,11055.0801,3294.6101,2251.04
2020-08-04,11096.54,3306.51,2279.97
2020-08-05,11125.4404,3327.77,2311.86
2020-08-06,11267.0801,3349.1599,2342.61
2020-08-07,11139.3896,3351.28,2351.67
2020-08-10,11085.1699,3360.47,2386.38
2020-08-11,10876.0801,3333.6899,2418.67
2020-08-12,11157.7197,3380.3501,2432.35
2020-08-13,11178.3701,3373.4299,2437.53
2020-08-14,11164.4502,3372.8501,2407.49
2020-08-17,11288.5703,3381.99,
2020-08-18,11399.0303,3389.78,2348.24
2020-08-19,11318.6396,3374.8501,2360.54
2020-08-20,11477.0498,3385.51,2274.22
2020-08-21,11555.1602,3397.1599,2304.59
2020-08-24,11626.1699,3431.28,2329.83
2020-08-25,11721.8096,3443.6201,2366.73
2020-08-26,11971.9404,3478.73,2369.32
2020-08-27,11926.1602,3484.55,2344.45
2020-08-28,11995.8496,3508.01,2353.8
2020-08-31,12110.7002,3500.3101,2326.17
2020-09-01,12292.8604,3526.6499,2349.55
2020-09-02,12420.54,3580.8401,2364.37
2020-09-03,11771.3701,3455.0601,2395.9
2020-09-04,11622.1299,3426.96,2368.25
2020-09-07,,,2384.22
2020-09-08,11068.2598,3331.8401,2401.91
2020-09-09,11395.8496,3398.96,2375.81
2020-09-10,11154.1201,3339.1899,2396.48
2020-09-11,11087.4004,3340.97,2396.69
2020-09-14,11277.7598,3383.54,2427.91
2020-09-15,11438.8701,3401.2,2443.58
2020-09-16,11247.5996,3385.49,2435.92
2020-09-17,11080.9502,3357.01,2406.17
2020-09-18,10936.9805,3319.47,2412.4
2020-09-21,10980.2197,3281.0601,2389.39
2020-09-22,11186.3701,3315.5701,2332.59
2020-09-23,10833.3301,3236.9199,2333.24
2020-09-24,10896.4697,3246.5901,2272.7
2020-09-25,11151.1299,3298.46,2278.79
2020-09-28,11364.4502,3351.6001,2308.08
2020-09-29,11322.9502,3335.47,2327.89
2020-09-30,11418.0596,3363.0,
2020-10-01,11583.2002,3380.8,
2020-10-02,11255.6904,3348.4199,
2020-10-05,11509.0596,3408.6001,2358.0
2020-10-06,11291.2695,3360.97,2365.9
2020-10-07,11503.1904,3419.4399,2386.94
2020-10-08,11550.9404,3446.8301,2391.96
2020-10-09,11725.8496,3477.1399,
2020-10-12,12088.1104,3534.22,2403.73
2020-10-13,12083.1699,3511.9299,2403.15
2020-10-14,11985.3604,3488.6699,2380.48
2020-10-15,11898.5703,3483.3401,2361.21
2020-10-16,11852.1699,3483.8101,2341.53
2020-10-19,11634.3496,3426.9199,2346.74
2020-10-20,11677.8398,3443.1201,2358.41
2020-10-21,11665.3701,3435.5601,2370.86
2020-10-22,11662.9102,3453.49,2355.05
2020-10-23,11692.5703,3465.3899,2360.81
2020-10-26,11504.5195,3400.97,2343.91
2020-10-27,11598.9502,3390.6799,2330.84
2020-10-28,11142.7598,3271.03,2345.26
2020-10-29,11350.7402,3310.1101,2326.67
2020-10-30,11052.9502,3269.96,2267.15
2020-11-02,11084.7598,3310.24,2300.16
2020-11-03,11279.9102,3369.1599,2343.31
2020-11-04,11777.0195,3443.4399,2357.32
2020-11-05,12078.0703,3510.45,2413.79
2020-11-06,12091.3496,3509.4399,2416.5
2020-11-09,11830.3896,3550.5,2447.2
2020-11-10,11624.29,3545.53,2452.83
2020-11-11,11892.9297,3572.6599,2485.87
2020-11-12,11827.1396,3537.01,2475.62
2020-11-13,11937.8398,3585.1499,2493.87
2020-11-16,12013.3799,3626.9099,2543.03
2020-11-17,11977.4902,3609.53,2539.15
2020-11-18,11894.71,3567.79,2545.64
2020-11-19,11985.4297,3581.8701,2547.42
2020-11-20,11906.4404,3557.54,2553.5
2020-11-23,11905.9404,3577.5901,2602.59
2020-11-24,12079.8096,3635.4099,2617.76
2020-11-25,12152.2197,3629.6499,2601.54
2020-11-26,,,2625.91
2020-11-27,12258.21,3638.3501,2633.45
2020-11-30,12268.3203,3621.6299,2591.34
2020-12-01,12455.3301,3662.45,2634.25
2020-12-02,12456.4102,3669.01,2675.9
2020-12-03,12467.1299,3666.72,2696.22
2020-12-04,12528.4805,3699.1201,2731.45
2020-12-07,12596.4697,3691.96,2745.44
2020-12-08,12635.7197,3702.25,2700.93
2020-12-09,12364.6396,3672.8201,2755.47
2020-12-10,12401.7402,3668.1001,2746.46
2020-12-11,12375.4102,3663.46,2770.06
2020-12-14,12462.21,3647.49,2762.2
2020-12-15,12595.9199,3694.6201,2756.82
2020-12-16,12668.1602,3701.1699,2771.79
2020-12-17,12752.0596,3722.48,2770.43
2020-12-18,12738.1797,3709.4099,2772.18
2020-12-21,12690.2598,3694.9199,2778.65
2020-12-22,12717.5596,3687.26,2733.68
2020-12-23,12653.1396,3690.01,2759.82
2020-12-24,12711.0098,3703.0601,2806.86
2020-12-28,12838.8604,3735.3601,2808.6
2020-12-29,12843.4902,3727.04,2820.51
2020-12-30,12845.3604,3732.04,2873.47
2020-12-31,12888.2803,3756.0701,
2021-01-04,12694.6602,3700.6499,2944.45
2021-01-05,12802.3799,3726.8601,2990.57
2021-01-06,12623.3496,3748.1399,2968.21
2021-01-07,12939.5703,3803.79,3031.68
2021-01-08,13105.2002,3824.6799,3152.18
2021-01-11,12902.4902,3799.6101,3148.45
2021-01-12,12892.0898,3801.1899,3125.95
2021-01-13,12973.6299,3809.8401,3148.29
2021-01-14,12898.6904,3795.54,3149.93
2021-01-15,12803.9297,3768.25,3085.9
2021-01-18,,,3013.93
2021-01-19,12996.54,3798.9099,3092.66
2021-01-20,13296.4502,3851.8501,3114.55
2021-01-21,13404.9902,3853.0701,3160.84
2021-01-22,13366.4004,3841.47,3140.63
2021-01-25,13483.29,3855.3601,3208.99
2021-01-26,13490.1904,3849.6201,3140.31
2021-01-27,13112.6504,3750.77,3122.56
2021-01-28,13201.5303,3787.3799,3069.05
2021-01-29,12925.3799,3714.24,2976.21
2021-02-01,13248.9004,3773.8601,3056.53
2021-02-02,13456.1201,3826.3101,3096.81
2021-02-03,13402.3701,3830.1699,3129.68
2021-02-04,13560.8896,3871.74,3087.55
2021-02-05,13603.96,3886.8301,3120.63
2021-02-08,13695.0195,3915.5901,3091.24
2021-02-09,13687.0801,3911.23,3084.67
2021-02-10,13655.2695,3909.8799,3100.58
2021-02-11,13734.3496,3916.3799,
2021-02-12,13807.7002,3934.8301,
2021-02-15,,,3147.0
2021-02-16,13773.7695,3932.5901,3163.25
2021-02-17,13699.71,3931.3301,3133.73
2021-02-18,13637.5098,3913.97,3086.66
2021-02-19,13580.7803,3906.71,3107.62
2021-02-22,13223.7402,3876.5,3079.75
2021-02-23,13194.71,3881.3701,3070.09
2021-02-24,13302.1904,3925.4299,2994.98
2021-02-25,12828.3096,3829.3401,3099.69
2021-02-26,12909.4404,3811.1499,3012.95
2021-03-01,13282.9502,3901.8201,
2021-03-02,13059.9502,3870.29,3043.87
2021-03-03,12683.3301,3819.72,3082.99
2021-03-04,12464.0,3768.47,3043.49
2021-03-05,12668.5098,3841.9399,3026.26
2021-03-08,12299.0801,3821.3501,2996.11
2021-03-09,12794.4902,3875.4399,2976.12
2021-03-10,12752.0703,3898.8101,2958.12
2021-03-11,13052.9004,3939.3401,3013.7
2021-03-12,12937.29,3943.3401,3054.39
2021-03-15,13082.54,3968.9399,3045.71
2021-03-16,13152.2803,3962.71,3067.17
2021-03-17,13202.3799,3974.1201,3047.5
2021-03-18,12789.1396,3915.46,3066.01
2021-03-19,12866.9902,3913.1001,3039.53
2021-03-22,13086.5098,3940.5901,3035.46
2021-03-23,13017.79,3910.52,3004.74
2021-03-24,12798.8799,3889.1399,2996.35
2021-03-25,12780.5098,3909.52,3008.33
2021-03-26,12979.1201,3974.54,3041.01
2021-03-29,12965.7402,3971.0901,3036.04
2021-03-30,12896.5303,3958.55,3070.0
2021-03-31,13091.4404,3972.8899,3061.42
2021-04-01,13329.5195,4019.8701,3087.4
2021-04-02,,,3112.8
2021-04-05,13598.1602,4077.9099,3120.83
2021-04-06,13578.46,4073.9399,3127.08
2021-04-07,13616.7002,4079.95,3137.41
2021-04-08,13758.5098,4097.1699,3143.26
2021-04-09,13845.0596,4128.7998,3131.88
2021-04-12,13819.3496,4127.9902,3135.59
2021-04-13,13986.4902,4141.5898,3169.08
2021-04-14,13803.9102,4124.6602,3182.38
2021-04-15,14026.1904,4170.4199,3194.33
2021-04-16,14041.9102,4185.4702,3198.62
2021-04-19,13907.6699,4163.2598,3198.84
2021-04-20,13809.2998,4134.9399,3220.7
2021-04-21,13935.1504,4173.4199,3171.66
2021-04-22,13762.3604,4134.98,3177.52
2021-04-23,13941.4404,4180.1699,3186.1
2021-04-26,14026.1602,4187.6201,3217.53
2021-04-27,13960.2803,4186.7202,3215.42
2021-04-28,13901.6201,4183.1802,3181.47
2021-04-29,13970.2002,4211.4702,3174.07
2021-04-30,13860.7598,4181.1699,3147.86
2021-05-03,13799.7197,4192.6602,3127.2
2021-05-04,13544.6699,4164.6602,3147.37
2021-05-05,13503.3701,4167.5898,
2021-05-06,13613.7305,4201.6201,3178.74
2021-05-07,13719.6299,4232.6001,3197.2
2021-05-10,13359.0801,4188.4302,3249.3
2021-05-11,13351.2695,4152.1001,3209.43
2021-05-12,13001.6299,4063.04,3161.66
2021-05-13,13109.1504,4112.5,3122.11
2021-05-14,13393.1201,4173.8501,3153.32
2021-05-17,13312.9102,4163.29,3134.52
2021-05-18,13217.6797,4127.8301,3173.05
2021-05-19,13237.9102,4115.6802,
2021-05-20,13494.0898,4159.1201,3162.28
2021-05-21,13411.7402,4155.8599,3156.42
2021-05-24,13641.75,4197.0498,3144.3
2021-05-25,13657.7305,4188.1299,3171.32
2021-05-26,13702.7402,4195.9902,3168.43
2021-05-27,13657.8496,4200.8799,3165.51
2021-05-28,13686.5098,4204.1099,3188.73
2021-05-31,,,3203.92
2021-06-01,13654.5898,4202.04,3221.87
2021-06-02,13675.79,4208.1201,3224.23
2021-06-03,13529.6797,4192.8501,3247.43
2021-06-04,13770.7695,4229.8901,3240.08
2021-06-07,13802.8896,4226.52,3252.12
2021-06-08,13810.8604,4227.2598,3247.83
2021-06-09,13814.9404,4219.5498,3216.18
2021-06-10,13960.3496,4239.1802,3224.64
2021-06-11,13998.2998,4247.4399,3249.32
2021-06-14,14128.2002,4255.1499,3252.13
2021-06-15,14030.4102,4246.5898,3258.63
2021-06-16,13983.0098,4223.7002,3278.68
2021-06-17,14163.8096,4221.8599,3264.96
2021-06-18,14049.5801,4166.4502,3267.93
2021-06-21,14137.2305,4224.79,3240.79
2021-06-22,14270.4199,4246.4399,3263.88
2021-06-23,14274.2402,4241.8398,3276.19
2021-06-24,14365.96,4266.4902,3286.1
2021-06-25,14345.1797,4280.7002,3302.84
2021-06-28,14524.9805,4290.6099,3301.89
2021-06-29,14572.75,4291.7998,3286.68
2021-06-30,14554.7998,4297.5,3296.68
2021-07-01,14560.0498,4319.9399,3282.06
2021-07-02,14727.6299,4352.3398,3281.78
2021-07-05,,,3293.21
2021-07-06,14786.3604,4343.54,3305.21
2021-07-07,14810.54,4358.1299,3285.34
2021-07-08,14722.1396,4320.8198,3252.68
2021-07-09,14826.0898,4369.5498,3217.95
2021-07-12,14877.8896,4384.6299,3246.47
2021-07-13,14874.54,4369.21,3271.38
2021-07-14,14900.4404,4374.2998,3264.81
2021-07-15,14794.6904,4360.0298,3286.22
2021-07-16,14681.3799,4327.1602,3276.91
2021-07-19,14549.0898,4258.4902,3244.04
2021-07-20,14728.21,4323.0601,3232.7
2021-07-21,14842.6299,4358.6899,3215.91
2021-07-22,14940.1699,4367.48,3250.21
2021-07-23,15111.79,4411.79,3254.42
2021-07-26,15125.9502,4422.2998,3224.95
2021-07-27,14956.9697,4401.46,3232.53
2021-07-28,15018.0996,4400.6401,3236.86
2021-07-29,15048.3604,4419.1499,3242.65
2021-07-30,14959.9004,4395.2598,3202.32
2021-08-02,14963.6201,4387.1602,3223.04
2021-08-03,15061.4199,4423.1499,3237.14
2021-08-04,15083.3896,4402.6602,3280.38
2021-08-05,15181.6396,4429.1001,3276.13
2021-08-06,15109.3604,4436.52,3270.36
2021-08-09,15133.1104,4432.3501,3260.42
2021-08-10,15053.5801,4436.75,3243.19
2021-08-11,15027.7598,4442.4102,3220.62
2021-08-12,15088.9805,4460.8301,3208.38
2021-08-13,15136.6797,4468.0,3171.29
2021-08-16,15140.7695,4479.71,
2021-08-17,15002.8301,4448.0801,3143.09
2021-08-18,14857.9199,4400.27,3158.93
2021-08-19,14933.9404,4405.7998,3097.83
2021-08-20,15092.5703,4441.6699,3060.51
2021-08-23,15312.8203,4479.5298,3090.21
2021-08-24,15357.6797,4486.23,3138.3
2021-08-25,15368.9199,4496.1899,3146.81
2021-08-26,15278.5195,4470.0,3128.53
2021-08-27,15432.9502,4509.3701,3133.9
2021-08-30,15605.0898,4528.79,3144.19
2021-08-31,15582.5098,4522.6802,3199.27
2021-09-01,15611.5703,4524.0898,3207.02
2021-09-02,15604.25,4536.9502,3175.85
2021-09-03,15652.8604,4535.4302,3201.06
2021-09-06,,,3203.33
2021-09-07,15675.7598,4520.0298,3187.42
2021-09-08,15620.8496,4514.0698,3162.99
2021-09-09,15561.0498,4493.2798,3114.7
2021-09-10,15440.75,4458.5801,3125.76
2021-09-13,15434.5,4468.73,3127.86
2021-09-14,15382.9004,4443.0498,3148.83
2021-09-15,15503.5303,4480.7002,3153.4
2021-09-16,15515.9102,4473.75,3130.09
2021-09-17,15333.4697,4432.9902,3140.51
2021-09-20,15012.1904,4357.73,
2021-09-21,15027.7695,4354.1899,
2021-09-22,15176.5098,4395.6401,
2021-09-23,15316.5801,4448.98,3127.58
2021-09-24,15329.6797,4455.48,3125.24
2021-09-27,15204.8203,4443.1099,3133.64
2021-09-28,14770.2998,4352.6299,3097.92
2021-09-29,14752.8896,4359.46,3060.27
2021-09-30,14689.6201,4307.54,3068.82
2021-10-01,14791.8701,4357.04,3019.18
2021-10-04,14472.1201,4300.46,
2021-10-05,14674.1504,4345.7202,2962.17
2021-10-06,14766.75,4363.5498,2908.31
2021-10-07,14897.1299,4399.7598,2959.46
2021-10-08,14820.75,4391.3398,2956.3
2021-10-11,14713.7305,4361.1899,
2021-10-12,14662.1104,4350.6499,2916.38
2021-10-13,14774.5996,4363.7998,2944.41
2021-10-14,15052.4199,4438.2598,2988.64
2021-10-15,15146.9199,4471.3701,3015.06
2021-10-18,15300.8896,4486.46,3006.68
2021-10-19,15410.7197,4519.6299,3029.04
2021-10-20,15388.71,4536.1899,3013.13
2021-10-21,15489.5898,4549.7798,3007.33
2021-10-22,15355.0703,4544.8999,3006.16
2021-10-25,15514.1904,4566.48,3020.54
2021-10-26,15559.4902,4574.79,3049.08
2021-10-27,15598.3896,4551.6802,3025.49
2021-10-28,15778.1602,4596.4199,3009.55
2021-10-29,15850.4697,4605.3799,2970.68
2021-11-01,15905.2803,4613.6699,2978.94
2021-11-02,15972.4902,4630.6499,3013.49
2021-11-03,16144.5,4660.5698,2975.71
2021-11-04,16346.2402,4680.0601,2983.22
2021-11-05,16359.3799,4697.5298,2969.27
2021-11-08,16336.0303,4701.7002,2960.2
2021-11-09,16219.9404,4685.25,2962.46
2021-11-10,15985.5703,4646.71,2930.17
2021-11-11,16032.4697,4649.27,2924.92
2021-11-12,16199.8896,4682.8501,2968.8
2021-11-15,16189.1201,4682.7998,2999.52
2021-11-16,16309.7695,4700.8999,2997.21
2021-11-17,16308.0703,4688.6699,2962.42
2021-11-18,16482.9707,4704.54,2947.38
2021-11-19,16573.3398,4697.96,2971.02
2021-11-22,16380.9805,4682.9399,3013.25
2021-11-23,16306.7197,4690.7002,2997.33
2021-11-24,16367.8096,4701.46,2994.29
2021-11-25,,,2980.27
2021-11-26,16025.5801,4594.6201,2936.44
2021-11-29,16399.2402,4655.27,2909.32
2021-11-30,16135.9199,4567.0,2839.01
2021-12-01,15877.7197,4513.04,2899.72
2021-12-02,15990.7598,4577.1001,2945.27
2021-12-03,15712.04,4538.4302,2968.33
2021-12-06,15846.1602,4591.6699,2973.25
2021-12-07,16325.6602,4686.75,2991.72
2021-12-08,16394.3398,4701.21,3001.8
2021-12-09,16149.5703,4667.4502,3029.57
2021-12-10,16331.9805,4712.02,3010.23
2021-12-13,16082.5498,4668.9702,3001.66
2021-12-14,15914.9004,4634.0898,2987.95
2021-12-15,16289.5898,4709.8501,2989.39
2021-12-16,15863.9404,4668.6699,3006.41
2021-12-17,15801.46,4620.6401,3017.73
2021-12-20,15627.6396,4568.02,2963.0
2021-12-21,15986.2803,4649.23,2975.03
2021-12-22,16180.1396,4696.5601,2984.48
2021-12-23,16308.21,4725.79,2998.17
2021-12-24,,,3012.43
2021-12-27,16567.5,4791.1899,2999.55
2021-12-28,16488.6602,4786.3501,3020.24
2021-12-29,16491.0098,4793.0601,2993.29
2021-12-30,16429.0996,4778.73,2977.65
2021-12-31,16320.0801,4766.1802,
2022-01-03,16501.7695,4796.5601,2988.77
2022-01-04,16279.7305,4793.54,2989.24
2022-01-05,15771.7803,4700.5801,2953.97
2022-01-06,15765.3604,4696.0498,2920.53
2022-01-07,15592.1904,4677.0298,2954.89
2022-01-10,15614.4297,4670.29,2926.72
2022-01-11,15844.1201,4713.0698,2927.38
2022-01-12,15905.0996,4726.3501,2972.48
2022-01-13,15495.6201,4659.0298,2962.09
2022-01-14,15611.5898,4662.8501,2921.92
2022-01-17,,,2890.1
2022-01-18,15210.7598,4577.1099,2864.24
2022-01-19,15047.8398,4532.7598,2842.28
2022-01-20,14846.46,4482.73,2862.68
2022-01-21,14438.4004,4397.9399,2834.29
2022-01-24,14509.5801,4410.1299,2792.0
2022-01-25,14149.1201,4356.4502,2720.39
2022-01-26,14172.7598,4349.9302,2709.24
2022-01-27,14003.1104,4326.5098,2614.49
2022-01-28,14454.6104,4431.8501,2663.34
2022-01-31,14930.0498,4515.5498,
2022-02-01,15019.6797,4546.54,
2022-02-02,15139.7402,4589.3799,
2022-02-03,14501.1104,4477.4399,2707.82
2022-02-04,14694.3496,4500.5298,2750.26
2022-02-07,14571.25,4483.8701,2745.06
2022-02-08,14747.0303,4521.54,2746.47
2022-02-09,15056.96,4587.1802,2768.85
2022-02-10,14705.6396,4504.0801,2771.93
2022-02-11,14253.8398,4418.6401,2747.71
2022-02-14,14268.5898,4401.6699,2704.48
2022-02-15,14620.8203,4471.0698,2676.54
2022-02-16,14603.6396,4475.0098,2729.68
2022-02-17,14171.7402,4380.2598,2744.09
2022-02-18,14009.54,4348.8701,2744.52
2022-02-21,,,2743.8
2022-02-22,13870.5303,4304.7598,2706.79
2022-02-23,13509.4297,4225.5,2719.53
2022-02-24,13974.6699,4288.7002,2648.8
2022-02-25,14189.1602,4384.6499,2676.76
2022-02-28,14237.8096,4373.9399,2699.18
2022-03-01,14005.9902,4306.2598,
2022-03-02,14243.6904,4386.54,2703.52
2022-03-03,14035.21,4363.4902,2747.08
2022-03-04,13837.8301,4328.8701,2713.43
2022-03-07,13319.3799,4201.0898,2651.31
2022-03-08,13267.6104,4170.7002,2622.4
2022-03-09,13742.2002,4277.8799,
2022-03-10,13591.0,4259.52,2680.32
2022-03-11,13301.8301,4204.3101,2661.28
2022-03-14,13046.6396,4173.1099,2645.65
2022-03-15,13458.5596,4262.4502,2621.53
2022-03-16,13956.79,4357.8599,2659.23
2022-03-17,14118.5996,4411.6699,2694.51
2022-03-18,14420.0801,4463.1201,2707.02
2022-03-21,14376.0898,4461.1802,2686.05
2022-03-22,14654.3301,4511.6099,2710.0
2022-03-23,14447.5498,4456.2402,2735.05
2022-03-24,14765.6904,4520.1602,2729.66
2022-03-25,14754.3096,4543.0601,2729.98
2022-03-28,14987.4004,4575.52,2729.56
2022-03-29,15239.3203,4631.6001,2741.07
2022-03-30,15071.5498,4602.4502,2746.74
2022-03-31,14838.4902,4530.4102,2757.65
2022-04-01,14861.21,4545.8599,2739.85
2022-04-04,15159.5801,4582.6401,2757.9
2022-04-05,14820.6396,4525.1201,2759.2
2022-04-06,14498.8896,4481.1499,2735.03
2022-04-07,14531.8096,4500.21,2695.86
2022-04-08,14327.2598,4488.2798,2700.39
2022-04-11,13990.21,4412.5298,2693.1
2022-04-12,13940.2402,4397.4502,2666.76
2022-04-13,14217.29,4446.5898,2716.49
2022-04-14,13893.21,4392.5898,2716.71
2022-04-15,,,2696.06
2022-04-18,13910.7598,4391.6899,2693.21
2022-04-19,14210.2598,4462.21,2718.89
2022-04-20,13998.5303,4459.4502,2718.69
2022-04-21,13720.4502,4393.6602,2728.21
2022-04-22,13356.8701,4271.7798,2704.71
2022-04-25,13533.2197,4296.1201,2657.13
2022-04-26,13009.71,4175.2002,2668.31
2022-04-27,13003.3604,4183.96,2639.06
2022-04-28,13456.0596,4287.5,2667.49
2022-04-29,12854.7998,4131.9302,2695.05
2022-05-02,13075.8496,4155.3799,2687.45
2022-05-03,13089.9004,4175.48,2680.46
2022-05-04,13535.71,4300.1699,2677.57
2022-05-05,12850.5498,4146.8701,
2022-05-06,12693.5303,4123.3398,2644.51
2022-05-09,12187.7197,3991.24,2610.81
2022-05-10,12345.8604,4001.05,2596.56
2022-05-11,11967.5596,3935.1799,2592.27
2022-05-12,11945.5,3930.0801,2550.08
2022-05-13,12387.4004,4023.8899,2604.24
2022-05-16,12243.5801,4008.01,2596.58
2022-05-17,12564.0996,4088.8501,2620.44
2022-05-18,11928.3096,3923.6799,2625.98
2022-05-19,11875.6299,3900.79,2592.34
2022-05-20,11835.6201,3901.3601,2639.29
2022-05-23,12034.2803,3973.75,2647.38
2022-05-24,11769.8398,3941.48,2605.87
2022-05-25,11943.9297,3978.73,2617.22
2022-05-26,12276.79,4057.8401,2612.45
2022-05-27,12681.4199,4158.2402,2638.05
2022-05-30,,,2669.66
2022-05-31,12642.0996,4132.1499,2685.9
2022-06-01,12548.3604,4101.23,
2022-06-02,12892.8896,4176.8198,2658.99
2022-06-03,12548.0303,4108.54,2670.65
2022-06-06,12599.6299,4121.4302,
2022-06-07,12711.6797,4160.6802,2626.34
2022-06-08,12615.1299,4115.77,2626.15
2022-06-09,12269.7803,4017.8201,2625.44
2022-06-10,11832.8203,3900.8601,2595.87
2022-06-13,11288.3203,3749.6299,2504.51
2022-06-14,11311.6904,3735.48,2492.97
2022-06-15,11593.7695,3789.99,2447.38
2022-06-16,11127.5703,3666.77,2451.41
2022-06-17,11265.9902,3674.8401,2440.93
2022-06-20,,,2391.03
2022-06-21,11546.7598,3764.79,2408.93
2022-06-22,11527.71,3759.8899,2342.81
2022-06-23,11697.6797,3795.73,2314.32
2022-06-24,12105.8496,3911.74,2366.6
2022-06-27,12008.2402,3900.1101,2401.92
2022-06-28,11637.7695,3821.55,2422.09
2022-06-29,11658.2598,3818.8301,2377.99
2022-06-30,11503.7197,3785.3799,2332.64
2022-07-01,11585.6797,3825.3301,2305.42
2022-07-04,,,2300.34
2022-07-05,11779.9004,3831.3899,2341.78
2022-07-06,11852.5898,3845.0801,2292.01
2022-07-07,12109.0498,3902.6201,2334.27
2022-07-08,12125.6904,3899.3799,2350.61
2022-07-11,11860.2803,3854.4299,2340.27
2022-07-12,11744.9902,3818.8,2317.76
2022-07-13,11728.5303,3801.78,2328.61
2022-07-14,11768.4004,3790.3799,2322.32
2022-07-15,11983.6201,3863.1599,2330.98
2022-07-18,11877.5,3830.8501,2375.25
2022-07-19,12249.4199,3936.6899,2370.97
2022-07-20,12439.6797,3959.8999,2386.85
2022-07-21,12619.4102,3998.95,2409.16
2022-07-22,12396.4697,3961.6299,2393.14
2022-07-25,12328.4102,3966.8401,2403.69
2022-07-26,12086.9004,3921.05,2412.96
2022-07-27,12601.4697,4023.6101,2415.53
2022-07-28,12717.8701,4072.4299,2435.27
2022-07-29,12947.9697,4130.29,2451.5
2022-08-01,12940.7803,4118.6299,2452.25
2022-08-02,12901.5996,4091.1899,2439.62
2022-08-03,13253.2598,4155.1699,2461.45
2022-08-04,13311.04,4151.9399,2473.11
2022-08-05,13207.6904,4145.1899,2490.8
2022-08-08,13159.1602,4140.0601,2493.1
2022-08-09,13008.1699,4122.4702,2503.46
2022-08-10,13378.3203,4210.2402,2480.88
2022-08-11,13291.9902,4207.27,2523.78
2022-08-12,13565.8701,4280.1499,2527.94
2022-08-15,13667.1797,4297.1401,
2022-08-16,13635.21,4305.2002,2533.52
2022-08-17,13470.8604,4274.04,2516.47
2022-08-18,13505.9902,4283.7402,2508.05
2022-08-19,13242.9004,4228.48,2492.69
2022-08-22,12890.54,4137.9902,2462.5
2022-08-23,12881.79,4128.73,2435.34
2022-08-24,12917.8604,4140.77,2447.45
2022-08-25,13143.5801,4199.1201,2477.26
2022-08-26,12605.1699,4057.6599,2481.03
2022-08-29,12484.3203,4030.6101,2426.89
2022-08-30,12342.7002,3986.1599,2450.93
2022-08-31,12272.0303,3955.0,2472.05
2022-09-01,12274.6201,3966.8501,2415.61
2022-09-02,12098.4404,3924.26,2409.41
2022-09-05,,,2403.68
2022-09-06,12011.3096,3908.1899,2410.02
2022-09-07,12259.3896,3979.8701,2376.46
2022-09-08,12321.1904,4006.1799,2384.28
2022-09-09,12588.29,4067.3601,
2022-09-12,12739.7197,4110.4102,
2022-09-13,12033.6201,3932.6899,2449.54
2022-09-14,12134.4004,3946.01,2411.42
2022-09-15,11927.4902,3901.3501,2401.83
2022-09-16,11861.3799,3873.3301,2382.78
2022-09-19,11953.2695,3899.8899,2355.66
2022-09-20,11851.54,3855.9299,2367.85
2022-09-21,11637.79,3789.9299,2347.21
2022-09-22,11501.6504,3757.99,2332.31
2022-09-23,11311.2402,3693.23,2290.0
2022-09-26,11254.1104,3655.04,2220.94
2022-09-27,11271.75,3647.29,2223.86
2022-09-28,11493.8301,3719.04,2169.29
2022-09-29,11164.7803,3640.47,2170.93
2022-09-30,10971.2197,3585.6201,2155.49
2022-10-03,11229.7305,3678.4299,
2022-10-04,11582.54,3790.9299,2209.38
2022-10-05,11573.1797,3783.28,2215.22
2022-10-06,11485.5,3744.52,2237.86
2022-10-07,11039.4697,3639.6599,2232.84
2022-10-10,10926.9697,3612.3899,
2022-10-11,10791.3496,3588.8401,2192.07
2022-10-12,10785.6201,3577.03,2202.47
2022-10-13,11033.5801,3669.9099,2162.87
2022-10-14,10692.0596,3583.0701,2212.55
2022-10-17,11062.5303,3677.95,2219.71
2022-10-18,11147.7402,3719.98,2249.95
2022-10-19,11103.3799,3695.1599,2237.44
2022-10-20,11046.71,3665.78,2218.09
2022-10-21,11310.3301,3752.75,2213.12
2022-10-24,11430.2598,3797.3401,2236.16
2022-10-25,11669.9902,3859.1101,2235.07
2022-10-26,11405.9004,3830.6001,2249.56
2022-10-27,11191.6299,3807.3,2288.78
2022-10-28,11546.21,3901.0601,2268.4
2022-10-31,11405.5703,3871.98,2293.61
2022-11-01,11288.9502,3856.1001,2335.22
2022-11-02,10906.3398,3759.6899,2336.87
2022-11-03,10690.5996,3719.8899,2329.17
2022-11-04,10857.0303,3770.55,2348.43
2022-11-07,10977.0,3806.8,2371.79
2022-11-08,11059.5,3828.1101,2399.04
2022-11-09,10797.5498,3748.5701,2424.41
2022-11-10,11605.96,3956.3701,2402.23
2022-11-11,11817.0098,3992.9299,2483.16
2022-11-14,11700.9404,3957.25,2474.65
2022-11-15,11871.1504,3991.73,2480.33
2022-11-16,11699.0898,3958.79,2477.45
2022-11-17,11676.8604,3946.5601,2442.9
2022-11-18,11677.0195,3965.3401,2444.48
2022-11-21,11553.4502,3949.9399,2419.5
2022-11-22,11724.8398,4003.5801,2405.27
2022-11-23,11838.7197,4027.26,2418.01
2022-11-24,,,2441.33
2022-11-25,11756.0303,4026.1201,2437.86
2022-11-28,11587.75,3963.9399,2408.27
2022-11-29,11503.4502,3957.6299,2433.39
2022-11-30,12030.0596,4080.1101,2472.53
2022-12-01,12041.8896,4076.5701,2479.84
2022-12-02,11994.2598,4071.7,2434.33
2022-12-05,11786.7998,3998.8401,2419.32
2022-12-06,11549.6904,3941.26,2393.16
2022-12-07,11497.3896,3933.9199,2382.81
2022-12-08,11637.5,3963.51,2371.08
2022-12-09,11563.3301,3934.3799,2389.04
2022-12-12,11706.4404,3990.5601,2373.02
2022-12-13,11834.21,4019.6499,2372.4
2022-12-14,11740.9199,3995.3201,2399.25
2022-12-15,11345.2197,3895.75,2360.97
2022-12-16,11243.7197,3852.3601,2360.02
2022-12-19,11084.5898,3817.6599,2352.17
2022-12-20,11072.4199,3821.6201,2333.29
2022-12-21,11235.8799,3878.4399,2328.95
2022-12-22,10956.1396,3822.3899,2356.73
2022-12-23,10985.4502,3844.8201,2313.69
2022-12-26,,,2317.14
2022-12-27,10822.5098,3829.25,2332.79
2022-12-28,10679.3398,3783.22,2280.45
2022-12-29,10951.0498,3849.28,2236.4
2022-12-30,10939.7598,3839.5,
2023-01-02,,,2225.67
2023-01-03,10862.6396,3824.1399,2218.68
2023-01-04,10914.7998,3852.97,2255.98
2023-01-05,10741.2197,3808.1001,2264.65
2023-01-06,11040.3496,3895.0801,2289.97
2023-01-09,11108.4502,3892.0901,2350.19
2023-01-10,11205.7803,3919.25,2351.31
2023-01-11,11402.5195,3969.6101,2359.53
2023-01-12,11459.6104,3983.1699,2365.1
2023-01-13,11541.4805,3999.0901,2386.09
2023-01-16,,,2399.86
2023-01-17,11557.1904,3990.97,2379.39
2023-01-18,11410.29,3928.8601,2368.32
2023-01-19,11295.6699,3898.8501,2380.34
2023-01-20,11619.0303,3972.6101,2395.26
2023-01-23,11872.54,4019.8101,
2023-01-24,11846.6396,4016.95,
2023-01-25,11814.6904,4016.22,2428.57
2023-01-26,12051.4805,4060.4299,2468.65
2023-01-27,12166.5996,4070.5601,2484.02
2023-01-30,11912.3896,4017.77,2450.47
2023-01-31,12101.9297,4076.6001,2425.08
2023-02-01,12363.0996,4119.21,2449.8
2023-02-02,12803.1396,4179.7598,2468.88
2023-02-03,12573.3604,4136.48,2480.4
2023-02-06,12464.5098,4111.0801,2438.19
2023-02-07,12728.2695,4164.0,2451.71
2023-02-08,12495.3799,4117.8599,2483.64
2023-02-09,12381.1699,4081.5,2481.52
2023-02-10,12304.9199,4090.46,2469.73
2023-02-13,12502.3096,4137.29,2452.7
2023-02-14,12590.8896,4136.1299,2465.64
2023-02-15,12687.8896,4147.6001,2427.9
2023-02-16,12442.4805,4090.4099,2475.48
2023-02-17,12358.1797,4079.0901,2451.21
2023-02-20,,,2455.12
2023-02-21,12060.2998,3997.3401,2458.96
2023-02-22,12066.2695,3991.05,2417.68
2023-02-23,12180.1396,4012.3201,2439.09
2023-02-24,11969.6504,3970.04,2423.61
2023-02-27,12057.79,3982.24,2402.64
2023-02-28,12042.1201,3970.1499,2412.85
2023-03-01,11938.5703,3951.3899,
2023-03-02,12044.8701,3981.3501,2427.85
2023-03-03,12290.8096,4045.6399,2432.07
2023-03-06,12302.4805,4048.4199,2462.62
2023-03-07,12152.1699,3986.3701,2463.35
2023-03-08,12215.3301,3992.01,2431.91
2023-03-09,11995.8799,3918.3201,2419.09
2023-03-10,11830.2803,3861.5901,2394.59
2023-03-13,11923.1699,3855.76,2410.6
2023-03-14,12199.79,3919.29,2348.97
2023-03-15,12251.3203,3891.9299,2379.72
2023-03-16,12581.3896,3960.28,2377.91
2023-03-17,12519.8799,3916.6399,2395.69
2023-03-20,12562.6104,3951.5701,2379.2
2023-03-21,12741.4404,4002.8701,2388.35
2023-03-22,12567.1504,3936.97,2416.96
2023-03-23,12729.2305,3948.72,2424.48
2023-03-24,12767.0498,3970.99,2414.96
2023-03-27,12673.0703,3977.53,2409.22
2023-03-28,12610.5703,3971.27,2434.94
2023-03-29,12846.0303,4027.8101,2443.92
2023-03-30,12963.1396,4050.8301,2453.16
2023-03-31,13181.3496,4109.3101,2476.86
2023-04-03,13148.3496,4124.5098,2472.34
2023-04-04,13100.0801,4100.6001,2480.51
2023-04-05,12967.2002,4090.3799,2495.21
2023-04-06,13062.5996,4105.02,2459.23
2023-04-07,,,2490.41
2023-04-10,13051.2305,4109.1099,2512.08
2023-04-11,12964.1504,4108.9399,2547.86
2023-04-12,12848.3496,4091.95,2550.64
2023-04-13,13109.3896,4146.2202,2561.66
2023-04-14,13079.5195,4137.6401,2571.49
2023-04-17,13087.71,4151.3198,2575.91
2023-04-18,13091.79,4154.8701,2571.09
2023-04-19,13088.71,4154.52,2575.08
2023-04-20,12985.9805,4129.79,2563.11
2023-04-21,13000.7695,4133.52,2544.4
2023-04-24,12969.7598,4137.04,2523.5
2023-04-25,12725.1104,4071.6299,2489.02
2023-04-26,12806.4805,4055.99,2484.83
2023-04-27,13160.0303,4135.3501,2495.81
2023-04-28,13245.9902,4169.48,2501.53
2023-05-01,13231.4697,4167.8701,
2023-05-02,13113.6602,4119.5801,2524.39
2023-05-03,13030.21,4090.75,2501.4
2023-05-04,12982.4805,4061.22,2500.94
2023-05-05,13259.1299,4136.25,
2023-05-08,13291.6396,4138.1201,2513.21
2023-05-09,13201.1104,4119.1699,2510.06
2023-05-10,13347.8301,4137.6401,2496.51
2023-05-11,13389.7803,4130.6201,2491.0
2023-05-12,13340.1797,4124.0801,2475.42
2023-05-15,13413.5098,4136.2798,2479.35
2023-05-16,13426.0098,4109.8999,2480.24
2023-05-17,13589.2598,4158.77,2494.66
2023-05-18,13834.6201,4198.0498,2515.4
2023-05-19,13803.4902,4191.98,2537.79
2023-05-22,13849.7402,4192.6299,2557.08
2023-05-23,13672.54,4145.5801,2567.55
2023-05-24,13604.4805,4115.2402,2567.45
2023-05-25,13938.5303,4151.2798,2554.69
2023-05-26,14298.4102,4205.4502,2558.81
2023-05-30,14354.9902,4205.52,2585.52
2023-05-31,14254.0898,4179.8301,2577.12
2023-06-01,14441.5098,4221.02,2569.17
2023-06-02,14546.6396,4282.3701,2601.36
2023-06-05,14556.5,4273.79,2615.41
2023-06-06,14558.0898,4283.8501,
2023-06-07,14303.29,4267.52,2615.6
2023-06-08,14484.54,4293.9302,2610.85
2023-06-09,14528.3604,4298.8599,2641.16
2023-06-12,14784.2998,4338.9302,2629.35
2023-06-13,14900.8496,4369.0098,2637.95
2023-06-14,15005.6904,4372.5898,2619.08
2023-06-15,15185.4805,4425.8398,2608.54
2023-06-16,15083.9199,4409.5898,2625.79
2023-06-19,,,2609.5
2023-06-20,15070.1504,4388.71,2604.91
2023-06-21,14867.4502,4365.6899,2582.63
2023-06-22,15042.3203,4381.8901,2593.7
2023-06-23,14891.4805,4348.3301,2570.1
2023-06-26,14689.0195,4328.8198,2582.2
2023-06-27,14945.9102,4378.4102,2581.39
2023-06-28,14964.5703,4376.8599,2564.19
2023-06-29,14939.9502,4396.4399,2550.02
2023-06-30,15179.21,4450.3799,2564.28
2023-07-03,15208.6904,4455.5898,2602.47
2023-07-04,,,2593.31
2023-07-05,15203.7803,4446.8198,2579.0
2023-07-06,15089.4502,4411.5898,2556.29
2023-07-07,15036.8496,4398.9502,2526.71
2023-07-10,15045.6396,4409.5298,2520.7
2023-07-11,15119.0596,4439.2598,2562.49
2023-07-12,15307.2305,4472.1602,2574.72
2023-07-13,15571.9805,4510.04,2591.23
2023-07-14,15565.5996,4505.4199,2628.3
2023-07-17,15713.2803,4522.79,2619.0
2023-07-18,15841.3496,4554.98,2607.62
2023-07-19,15826.3496,4565.7202,2608.24
2023-07-20,15466.0898,4534.8701,2600.23
2023-07-21,15425.6699,4536.3398,2609.76
2023-07-24,15448.0195,4554.6401,2628.53
2023-07-25,15561.4199,4567.46,2636.46
2023-07-26,15499.2598,4566.75,2592.36
2023-07-27,15464.9297,4537.4102,2603.81
2023-07-28,15750.9297,4582.23,2608.32
2023-07-31,15757.0,4588.96,2632.58
2023-08-01,15718.0098,4576.73,2667.07
2023-08-02,15370.7402,4513.3901,2616.47
2023-08-03,15353.54,4501.8901,2605.39
2023-08-04,15274.9199,4478.0298,2602.8
2023-08-07,15407.8496,4518.4399,2580.71
2023-08-08,15273.0498,4499.3799,2573.98
2023-08-09,15101.71,4467.71,2605.12
2023-08-10,15128.8398,4468.8301,2601.56
2023-08-11,15028.0703,4464.0498,2591.26
2023-08-14,15205.5898,4489.7202,2570.87
2023-08-15,15037.6504,4437.8599,
2023-08-16,14876.4697,4404.3301,2525.64
2023-08-17,14715.8096,4370.3599,2519.85
2023-08-18,14694.8398,4369.71,2504.5
2023-08-21,14936.6904,4399.77,2508.8
2023-08-22,14908.96,4387.5498,2515.74
2023-08-23,15148.0596,4436.0098,2505.5
2023-08-24,14816.4404,4376.3101,2537.68
2023-08-25,14941.8301,4405.71,2519.14
2023-08-28,15052.46,4433.3101,2543.41
2023-08-29,15376.5498,4497.6299,2552.16
2023-08-30,15462.4297,4514.8701,2561.22
2023-08-31,15501.0703,4507.6602,2556.27
2023-09-01,15490.8604,4515.77,2563.71
2023-09-04,,,2584.55
2023-09-05,15508.2402,4496.8301,2582.18
2023-09-06,15371.4404,4465.48,2563.34
2023-09-07,15258.5195,4451.1401,2548.26
2023-09-08,15280.2305,4457.4902,2547.68
2023-09-11,15461.8701,4487.46,2556.88
2023-09-12,15289.7402,4461.8999,2536.58
2023-09-13,15348.5303,4467.4399,2534.7
2023-09-14,15473.8896,4505.1001,2572.89
2023-09-15,15202.4004,4450.3198,2601.28
2023-09-18,15225.3701,4453.5298,2574.72
2023-09-19,15191.2305,4443.9502,2559.21
2023-09-20,14969.9199,4402.2002,2559.74
2023-09-21,14694.2402,4330.0,2514.97
2023-09-22,14701.0996,4320.0601,2508.13
2023-09-25,14768.9004,4337.4399,2495.76
2023-09-26,14545.8301,4273.5298,2462.97
2023-09-27,14580.1602,4274.5098,2465.07
2023-09-28,14702.7695,4299.7002,
2023-09-29,14715.2402,4288.0498,
2023-10-02,14837.5703,4288.3901,
2023-10-03,14565.6201,4229.4502,
2023-10-04,14776.25,4263.75,2405.69
2023-10-05,14723.2197,4258.1899,2403.6
2023-10-06,14973.2402,4308.5,2408.73
2023-10-09,15047.1504,4335.6602,
2023-10-10,15131.5195,4358.2402,2402.58
2023-10-11,15241.1201,4376.9502,2450.08
2023-10-12,15184.0996,4349.6099,2479.82
2023-10-13,14995.1201,4327.7798,2456.15
2023-10-16,15172.7305,4373.6299,2436.24
2023-10-17,15122.0098,4373.2002,2460.17
2023-10-18,14909.2598,4314.6001,2462.6
2023-10-19,14783.1299,4278.0,2415.8
2023-10-20,14560.8799,4224.1602,2375.0
2023-10-23,14604.8496,4217.04,2357.02
2023-10-24,14745.8604,4247.6802,2383.51
2023-10-25,14381.6396,4186.77,2363.17
2023-10-26,14109.5703,4137.23,2299.08
2023-10-27,14180.4199,4117.3701,2302.81
2023-10-30,14335.5098,4166.8198,2310.55
2023-10-31,14409.7803,4193.7998,2277.99
2023-11-01,14664.9102,4237.8599,2301.56
2023-11-02,14919.5498,4317.7798,2343.12
2023-11-03,15099.4902,4358.3398,2368.34
2023-11-06,15154.9297,4365.98,2502.37
2023-11-07,15296.0195,4378.3799,2443.96
2023-11-08,15313.2402,4382.7798,2421.62
2023-11-09,15187.9004,4347.3501,2427.08
2023-11-10,15529.1201,4415.2402,2409.66
2023-11-13,15482.79,4411.5498,2403.76
2023-11-14,15812.4697,4495.7002,2433.25
2023-11-15,15817.1797,4502.8799,2486.67
2023-11-16,15833.1699,4508.2402,2488.18
2023-11-17,15837.9902,4514.02,2469.85
2023-11-20,16027.0596,4547.3799,2491.2
2023-11-21,15933.6201,4538.1899,2510.42
2023-11-22,16001.3896,4556.6201,2511.7
2023-11-23,,,2514.96
2023-11-24,15982.0098,4559.3398,2496.63
2023-11-27,15961.9805,4550.4302,2495.66
2023-11-28,16010.4297,4554.8901,2521.76
2023-11-29,15987.5996,4550.5801,2519.81
2023-11-30,15947.8701,4567.7998,2535.29
2023-12-01,15997.5801,4594.6299,2505.01
2023-12-04,15839.6699,4569.7798,2514.95
2023-12-05,15877.71,4567.1802,2494.28
2023-12-06,15788.0498,4549.3398,2495.38
2023-12-07,16022.4902,4585.5898,2492.07
2023-12-08,16084.6904,4604.3701,2517.85
2023-12-11,16221.7305,4622.4399,2525.36
2023-12-12,16354.25,4643.7002,2535.27
2023-12-13,16562.3691,4707.0898,2510.66
2023-12-14,16537.8301,4719.5498,2544.18
2023-12-15,16623.4492,4719.1899,2563.56
2023-12-18,16729.8008,4740.5601,2566.86
2023-12-19,16811.8496,4768.3701,2568.55
2023-12-20,16554.1602,4698.3501,2614.3
2023-12-21,16757.4102,4746.75,2600.02
2023-12-22,16777.4004,4754.6299,2599.51
2023-12-26,16878.4609,4774.75,2602.59
2023-12-27,16906.8008,4781.5801,2613.5
2023-12-28,16898.4707,4783.3501,2655.28
2023-12-29,16825.9297,4769.8301,
2024-01-02,16543.9395,4742.8301,2669.81
2024-01-03,16368.4902,4704.8101,2607.31
2024-01-04,16282.0098,4688.6802,2587.02
2024-01-05,16305.9805,4697.2402,2578.08
2024-01-08,16649.8691,4763.54,2567.82
2024-01-09,16678.6992,4756.5,2561.24
2024-01-10,16793.0508,4783.4502,2541.98
2024-01-11,16820.9004,4780.2402,2540.27
2024-01-12,16832.9199,4783.8301,2525.05
2024-01-15,,,2525.99
2024-01-16,16830.7109,4765.98,2497.59
2024-01-17,16736.2793,4739.21,2435.9
2024-01-18,16982.2891,4780.9399,2440.04
2024-01-19,17314.0,4839.8101,2472.74
2024-01-22,17330.3809,4850.4302,2464.35
2024-01-23,17404.2109,4864.6001,2478.61
2024-01-24,17499.3008,4868.5498,2469.69
2024-01-25,17516.9902,4894.1602,2470.34
2024-01-26,17421.0098,4890.9702,2478.56
2024-01-29,17596.2695,4927.9302,2500.65
2024-01-30,17476.7109,4924.9702,2498.81
2024-01-31,17137.2402,4845.6499,2497.09
2024-02-01,17344.7109,4906.1899,2542.46
2024-02-02,17642.7305,4958.6099,2615.31
2024-02-05,17613.0391,4942.8101,2591.31
2024-02-06,17572.7305,4954.23,2576.2
2024-02-07,17755.0703,4995.0601,2609.58
2024-02-08,17783.1699,4997.9102,2620.32
2024-02-09,17962.4102,5026.6099,
2024-02-12,17882.6602,5021.8398,
2024-02-13,17600.4199,4953.1699,2649.64
2024-02-14,17807.6309,5000.6201,2620.42
2024-02-15,17845.7207,5029.73,2613.8
2024-02-16,17685.9805,5005.5698,2648.76
2024-02-19,,,2680.26
2024-02-20,17546.0996,4975.5098,2657.79
2024-02-21,17478.9102,4981.7998,2653.31
2024-02-22,18004.6992,5087.0298,2664.27
2024-02-23,17937.6094,5088.7998,2667.7
2024-02-26,17933.3301,5069.5298,2647.08
2024-02-27,17971.0508,5078.1802,2625.05
2024-02-28,17874.5,5069.7598,2652.29
2024-02-29,18043.8496,5096.27,2642.36
2024-03-01,18302.9102,5137.0801,
2024-03-04,18226.4805,5130.9502,2674.27
2024-03-05,17897.8691,5078.6499,2649.4
2024-03-06,18017.5703,5104.7598,2641.49
2024-03-07,18297.9902,5157.3599,2647.62
2024-03-08,18018.4492,5123.6899,2680.35
2024-03-11,17951.6895,5117.9399,2659.84
2024-03-12,18219.1094,5175.27,2681.81
2024-03-13,18068.4707,5165.3101,2693.57
2024-03-14,18014.8105,5150.48,2718.76
2024-03-15,17808.25,5117.0898,2666.84
2024-03-18,17985.0098,5149.4199,2685.84
2024-03-19,18032.1992,5178.5098,2656.17
2024-03-20,18240.1094,5224.6201,2690.14
2024-03-21,18320.3809,5241.5298,2754.86
2024-03-22,18339.4395,5234.1802,2748.56
2024-03-25,18277.0605,5218.1899,2737.57
2024-03-26,18210.5391,5203.5801,2757.09
2024-03-27,18280.8398,5248.4902,2755.11
2024-03-28,18254.6895,5254.3501,2745.82
2024-03-29,,,2746.63
2024-04-01,18293.1992,5243.77,2747.86
2024-04-02,18121.7793,5205.8101,2753.16
2024-04-03,18160.1895,5211.4902,2706.97
2024-04-04,17878.7793,5147.21,2742.0
2024-04-05,18108.4609,5204.3398,2714.21
2024-04-08,18100.1895,5202.3901,2717.65
2024-04-09,18169.9004,5209.9102,2705.16
2024-04-10,18011.6602,5160.6401,
2024-04-11,18307.9805,5199.0601,2706.96
2024-04-12,18003.4902,5123.4102,2681.82
2024-04-15,17706.8301,5061.8198,2670.43
2024-04-16,17713.6602,5051.4102,2609.63
2024-04-17,17493.6191,5022.21,2584.18
2024-04-18,17394.3105,5011.1201,2634.7
2024-04-19,17037.6504,4967.23,2591.86
2024-04-22,17210.8906,5010.6001,2629.44
2024-04-23,17471.4707,5070.5498,2623.02
2024-04-24,17526.8008,5071.6299,2675.75
2024-04-25,17430.5,5048.4199,2628.62
2024-04-26,17718.3008,5099.96,2656.33
2024-04-29,17782.7207,5116.1699,2687.44
2024-04-30,17440.6895,5035.6899,2692.06
2024-05-01,17318.5508,5018.3901,2692.06
2024-05-02,17541.5391,5064.2002,2683.65
2024-05-03,17890.8008,5127.79,2676.63
2024-05-06,18093.5703,5180.7402,
2024-05-07,18091.4492,5187.7002,2734.36
2024-05-08,18085.0098,5187.6699,2745.05
2024-05-09,18113.4609,5214.0801,2712.14
2024-05-10,18161.1797,5222.6802,2727.63
2024-05-13,18198.6094,5221.4199,2727.21
2024-05-14,18322.7695,5246.6802,2730.34
2024-05-15,18596.6504,5308.1499,
2024-05-16,18557.9609,5297.1001,2753.0
2024-05-17,18546.2305,5303.27,2724.62
2024-05-20,18674.1895,5308.1299,2742.14
2024-05-21,18713.8008,5321.4102,2724.18
2024-05-22,18705.1992,5307.0098,2723.46
2024-05-23,18623.3906,5267.8398,2721.81
2024-05-24,18808.3496,5304.7202,2687.6
2024-05-27,,,2722.99
2024-05-28,18869.4395,5306.04,2722.85
2024-05-29,18736.75,5266.9502,2677.3
2024-05-30,18538.6602,5235.48,2635.44
2024-05-31,18536.6504,5277.5098,2636.52
2024-06-03,18600.9707,5283.3999,2682.52
2024-06-04,18654.8398,5291.3398,2662.1
2024-06-05,19035.0508,5354.0298,2689.5
2024-06-06,19021.1895,5352.96,
2024-06-07,19000.9492,5346.9902,2722.67
2024-06-10,19074.6699,5360.79,2701.17
2024-06-11,19210.1797,5375.3198,2705.32
2024-06-12,19465.1797,5421.0298,2728.17
2024-06-13,19576.9199,5433.7402,2754.89
2024-06-14,19659.8008,5431.6001,2758.42
2024-06-17,19902.75,5473.23,2744.1
2024-06-18,19908.8594,5487.0298,2763.92
2024-06-19,,,2797.33
2024-06-20,19752.3008,5473.1699,2807.63
2024-06-21,19700.4297,5464.6201,2784.26
2024-06-24,19474.6191,5447.8701,2764.73
2024-06-25,19701.1309,5469.2998,2774.39
2024-06-26,19751.0508,5477.8999,2792.05
2024-06-27,19789.0293,5482.8701,2784.06
2024-06-28,19682.8691,5460.48,2797.82
2024-07-01,19812.2207,5475.0898,2804.31
2024-07-02,20011.8906,5509.0098,2780.86
2024-07-03,20186.6309,5537.02,2794.01
2024-07-04,,,2824.94
2024-07-05,20391.9707,5567.1899,2862.23
2024-07-08,20439.5391,5572.8501,2857.76
2024-07-09,20453.0195,5576.98,2867.38
2024-07-10,20675.3809,5633.9102,2867.99
2024-07-11,20211.3594,5584.54,2891.35
2024-07-12,20331.4902,5615.3501,2857.0
2024-07-15,20386.8809,5631.2202,2860.92
2024-07-16,20398.6191,5667.2002,2866.09
2024-07-17,19799.1406,5588.27,2843.29
2024-07-18,19705.0898,5544.5898,2824.35
2024-07-19,19522.6191,5505.0,2795.46
2024-07-22,19822.8691,5564.4102,2763.51
2024-07-23,19754.3398,5555.7402,2774.29
2024-07-24,19032.3906,5427.1299,2758.71
2024-07-25,18830.5801,5399.2202,2710.65
2024-07-26,19023.6602,5459.1001,2731.9
2024-07-29,19059.4902,5463.54,2765.53
2024-07-30,18796.2695,5436.4399,2738.19
2024-07-31,19362.4297,5522.2998,2770.69
2024-08-01,18890.3906,5446.6802,2777.68
2024-08-02,18440.8496,5346.5601,2676.19
2024-08-05,17895.1602,5186.3301,2441.55
2024-08-06,18077.9199,5240.0298,2522.15
2024-08-07,17867.3691,5199.5,2568.41
2024-08-08,18413.8203,5319.3101,2556.73
2024-08-09,18513.0996,5344.1602,2588.43
2024-08-12,18542.0293,5344.3901,2618.3
2024-08-13,19006.4297,5434.4302,2621.5
2024-08-14,19022.6797,5455.21,2644.5
2024-08-15,19490.1504,5543.2202,
2024-08-16,19508.5195,5554.25,2697.23
2024-08-19,19766.4902,5608.25,2674.36
2024-08-20,19719.8203,5597.1201,2696.63
2024-08-21,19824.8398,5620.8501,2701.13
2024-08-22,19491.8398,5570.6401,2707.67
2024-08-23,19720.8691,5634.6099,2701.69
2024-08-26,19516.4395,5616.8398,2698.01
2024-08-27,19581.5195,5625.7998,2689.25
2024-08-28,19350.7793,5592.1802,2689.83
2024-08-29,19325.4492,5591.96,2662.28
2024-08-30,19574.6406,5648.3999,2674.31
2024-09-02,,,2681.0
2024-09-03,18958.7402,5528.9302,2664.63
2024-09-04,18921.4004,5520.0698,2580.8
2024-09-05,18930.3301,5503.4102,2575.5
2024-09-06,18421.3105,5408.4199,2544.28
2024-09-09,18660.7793,5471.0498,2535.93
2024-09-10,18829.1406,5495.52,2523.43
2024-09-11,19237.3008,5554.1299,2513.37
2024-09-12,19423.0703,5595.7598,2572.09
2024-09-13,19514.5898,5626.02,2575.41
2024-09-16,19423.0605,5633.0898,
2024-09-17,19432.4004,5634.5801,
2024-09-18,19344.4902,5618.2598,
2024-09-19,19839.8301,5713.6401,2580.8
2024-09-20,19791.4902,5702.5498,2593.37
2024-09-23,19852.1992,5718.5698,2602.01
2024-09-24,19944.8398,5732.9302,2631.68
2024-09-25,19972.6094,5722.2598,2596.32
2024-09-26,20115.5391,5745.3701,2671.57
2024-09-27,20008.6191,5738.1699,2649.78
2024-09-30,20060.6895,5762.48,2593.27
2024-10-01,19773.3008,5708.75,
2024-10-02,19802.5898,5709.54,2561.69
2024-10-03,19793.3398,5699.9399,
2024-10-04,20035.0195,5751.0698,2569.71
2024-10-07,19800.7402,5695.9399,2610.38
2024-10-08,20107.7793,5751.1299,2594.36
2024-10-09,20268.8594,5792.04,
2024-10-10,20241.7598,5780.0498,2599.16
2024-10-11,20271.9707,5815.0298,2596.91
2024-10-14,20439.0508,5859.8501,2623.29
2024-10-15,20159.8301,5815.2598,2633.45
2024-10-16,20174.0508,5842.4702,2610.36
2024-10-17,20190.4199,5841.4702,2609.3
2024-10-18,20324.0391,5864.6699,2593.82
2024-10-21,20361.4707,5853.98,2604.92
2024-10-22,20390.4609,5851.2002,2570.7
2024-10-23,20066.9609,5797.4199,2599.62
2024-10-24,20232.8691,5809.8599,2581.03
2024-10-25,20352.0195,5808.1201,2583.27
2024-10-28,20351.0703,5823.52,2612.43
2024-10-29,20550.6504,5832.9199,2617.8
2024-10-30,20387.6992,5813.6699,2593.79
2024-10-31,19890.4199,5705.4502,2556.15
2024-11-01,20033.1406,5728.7998,2542.36
2024-11-04,19963.5996,5712.6899,2588.97
2024-11-05,20227.4609,5782.7598,2576.88
2024-11-06,20781.3301,5929.04,2563.51
2024-11-07,21101.5703,5973.1001,2564.63
2024-11-08,21117.1797,5995.54,2561.15
2024-11-11,21106.5898,6001.3501,2531.66
2024-11-12,21070.7891,5983.9902,2482.57
2024-11-13,21036.1602,5985.3799,2417.08
2024-11-14,20896.6699,5949.1699,2418.86
2024-11-15,20394.1309,5870.6201,2416.86
2024-11-18,20539.1895,5893.6201,2469.07
2024-11-19,20684.5898,5916.98,2471.95
2024-11-20,20667.0996,5917.1099,2482.29
2024-11-21,20740.7793,5948.71,2480.63
2024-11-22,20776.2305,5969.3398,2501.24
2024-11-25,20804.8906,5987.3701,2534.34
2024-11-26,20922.9004,6021.6299,2520.36
2024-11-27,20744.4902,5998.7402,2503.06
2024-11-28,,,2504.67
2024-11-29,20930.3691,6032.3799,2455.91
2024-12-02,21164.5996,6047.1499,2454.48
2024-12-03,21229.3203,6049.8799,2500.1
2024-12-04,21492.3594,6086.4902,2464.0
2024-12-05,21425.2207,6075.1099,2441.85
2024-12-06,21622.25,6090.27,2428.16
2024-12-09,21440.8203,6052.8501,2360.58
2024-12-10,21368.1797,6034.9102,2417.84
2024-12-11,21763.9805,6084.1899,2442.51
2024-12-12,21615.2695,6051.25,2482.12
2024-12-13,21780.25,6051.0898,2494.46
2024-12-16,22096.6602,6074.0801,2488.97
2024-12-17,22001.0801,6050.6099,2456.81
2024-12-18,21209.3203,5872.1602,2484.43
2024-12-19,21110.5098,5867.0801,2435.93
2024-12-20,21289.1504,5930.8501,2404.15
2024-12-23,21503.1699,5974.0698,2442.01
2024-12-24,21797.6504,6040.04,2440.52
2024-12-26,21768.3105,6037.5898,2429.67
2024-12-27,21473.0195,5970.8398,2404.77
2024-12-30,21197.0898,5906.9399,2399.49
2024-12-31,21012.1699,5881.6299,
2025-01-02,20975.6191,5868.5498,2398.94
2025-01-03,21326.1602,5942.4702,2441.92
2025-01-06,21559.5,5975.3799,2488.64
2025-01-07,21173.0391,5909.0298,2492.1
2025-01-08,21180.9707,5918.25,2521.05
2025-01-09,,,2521.9
2025-01-10,20847.5801,5827.04,2515.78
2025-01-13,20784.7207,5836.2202,2489.56
2025-01-14,20757.4102,5842.9102,2497.4
2025-01-15,21237.8496,5949.9102,2496.81
2025-01-16,21091.25,5937.3398,2527.49
2025-01-17,21441.1602,5996.6602,2523.55
2025-01-20,,,2520.05
2025-01-21,21566.5098,6049.2402,2518.03
2025-01-22,21853.0,6086.3701,2547.06
2025-01-23,21900.9297,6118.71,2515.49
2025-01-24,21774.0098,6101.2402,2536.8
2025-01-27,21127.2793,6012.2798,
2025-01-28,21463.0391,6067.7002,
2025-01-29,21411.4609,6039.3101,
2025-01-30,21508.1191,6071.1699,
2025-01-31,21478.0508,6040.5298,2517.37
2025-02-03,21297.5801,5994.5698,2453.95
2025-02-04,21566.9199,6037.8799,2481.69
2025-02-05,21658.1602,6061.48,2509.27
2025-02-06,21774.0703,6083.5698,2536.75
2025-02-07,21491.3105,6025.9902,2521.92
2025-02-10,21756.7305,6066.4399,2521.27
2025-02-11,21693.5195,6068.5,2539.05
2025-02-12,21719.2598,6051.9702,2548.39
2025-02-13,22030.7109,6115.0698,2583.17
2025-02-14,22114.6895,6114.6299,2591.05
2025-02-17,,,2610.42
2025-02-18,22164.6094,6129.5801,2626.81
2025-02-19,22175.5996,6144.1499,2671.52
2025-02-20,22068.0605,6117.52,2654.06
2025-02-21,21614.0801,6013.1299,2654.58
2025-02-24,21352.0801,5983.25,2645.27
2025-02-25,21087.25,5955.25,2630.29
2025-02-26,21132.9199,5956.0601,2641.09
2025-02-27,20550.9492,5861.5698,2621.75
2025-02-28,20884.4102,5954.5,2532.78
2025-03-03,20425.5801,5849.7202,
2025-03-04,20352.5293,5778.1499,2528.92
2025-03-05,20628.4609,5842.6299,2558.13
2025-03-06,20052.6309,5738.52,2576.16
2025-03-07,20201.3691,5770.2002,2563.48
2025-03-10,19430.9492,5614.5601,2570.39
2025-03-11,19376.9609,5572.0698,2537.6
2025-03-12,19596.0195,5599.2998,2574.82
2025-03-13,19225.4805,5521.52,2573.64
2025-03-14,19704.6406,5638.9399,2566.36
2025-03-17,19812.2402,5675.1201,2610.69
2025-03-18,19483.3594,5614.6602,2612.34
2025-03-19,19736.6602,5675.29,2628.62
2025-03-20,19677.6094,5662.8901,2637.1
2025-03-21,19753.9707,5667.5601,2643.13
2025-03-24,20180.4492,5767.5698,2632.07
2025-03-25,20287.8301,5776.6499,2615.81
2025-03-26,19916.9902,5712.2002,2643.94
2025-03-27,19798.6191,5693.3101,2607.15
2025-03-28,19281.4004,5580.9399,2557.98
2025-03-31,19278.4492,5611.8501,2481.12
2025-04-01,19436.4199,5633.0698,2521.39
2025-04-02,19581.7793,5670.9702,2505.86
2025-04-03,18521.4707,5396.52,2486.7
2025-04-04,17397.6992,5074.0801,2465.42
2025-04-07,17430.6797,5062.25,2328.2
2025-04-08,17090.4004,4982.77,2334.23
2025-04-09,19145.0605,5456.8999,2293.7
2025-04-10,18343.5703,5268.0498,2445.06
2025-04-11,18690.0508,5363.3599,2432.72
2025-04-14,18796.0195,5405.9702,2455.89
2025-04-15,18830.2305,5396.6299,2477.41
2025-04-16,18257.6406,5275.7002,2447.43
2025-04-17,18258.0898,5282.7002,2470.41
2025-04-18,,,2483.42
2025-04-21,17808.3008,5158.2002,2488.42
2025-04-22,18276.4102,5287.7598,2486.64
2025-04-23,18693.2598,5375.8599,2525.56
2025-04-24,19214.4004,5484.77,2522.33
2025-04-25,19432.5605,5525.21,2546.3
2025-04-28,19427.2891,5528.75,2548.86
2025-04-29,19544.9492,5560.8301,2565.42
2025-04-30,19571.0195,5569.0601,2556.61
2025-05-01,19786.7109,5604.1401,
2025-05-02,20102.6094,5686.6699,2559.79
2025-05-05,19967.9395,5650.3799,
2025-05-06,19791.3496,5606.9102,
2025-05-07,19867.9707,5631.2798,2573.8
2025-05-08,20063.5605,5663.9399,2579.48
2025-05-09,20061.4492,5659.9102,2577.27
2025-05-12,20868.1504,5844.1899,2607.33
2025-05-13,21197.6992,5886.5498,2608.42
2025-05-14,21319.2109,5892.5801,2640.57
2025-05-15,21335.8203,5916.9302,2621.36
2025-05-16,21427.9395,5958.3799,2626.87
2025-05-19,21447.0508,5963.6001,2603.42
2025-05-20,21367.3691,5940.46,2601.8
2025-05-21,21080.3594,5844.6099,2625.58
2025-05-22,21112.4707,5842.0098,2593.67
2025-05-23,20915.6602,5802.8198,2592.09
2025-05-26,,,2644.4
2025-05-27,21414.9902,5921.54,2637.22
2025-05-28,21318.1699,5888.5498,2670.15
2025-05-29,21363.9492,5912.1699,2720.64
2025-05-30,21340.9902,5911.6899,2697.67
2025-06-02,21491.75,5935.9399,2698.97
2025-06-03,21662.5801,5970.3701,
2025-06-04,21721.9199,5970.8101,2770.84
2025-06-05,21547.4297,5939.2998,2812.05
2025-06-06,21761.7891,6000.3599,
2025-06-09,21797.8691,6005.8799,2855.77
2025-06-10,21941.9199,6038.8101,2871.85
2025-06-11,21860.8008,6022.2402,2907.04
2025-06-12,21913.3203,6045.2598,2920.03
2025-06-13,21631.0391,5976.9702,2894.62
2025-06-16,21937.5703,6033.1099,2946.66
2025-06-17,21719.0801,5982.7202,2950.3
2025-06-18,21719.6895,5980.8701,2972.19
2025-06-19,,,2977.74
2025-06-20,21626.3906,5967.8398,3021.84
2025-06-23,21856.3301,6025.1699,3014.47
2025-06-24,22190.5195,6092.1802,3103.64
2025-06-25,22237.7402,6092.1602,3108.25
2025-06-26,22447.2891,6141.02,3079.56
2025-06-27,22534.1992,6173.0698,3055.94
2025-06-30,22679.0098,6204.9502,3071.7
2025-07-01,22478.1309,6198.0098,3089.65
2025-07-02,22641.8906,6227.4199,3075.06
2025-07-03,22866.9707,6279.3501,3116.27
2025-07-04,,,3054.28
2025-07-07,22685.5703,6229.98,3059.47
2025-07-08,22702.25,6225.52,3114.95
2025-07-09,22864.9102,6263.2598,3133.74
2025-07-10,22829.2598,6280.46,3183.23
2025-07-11,22780.5996,6259.75,3175.77
2025-07-14,22855.6309,6268.5601,3202.03
2025-07-15,22884.5898,6243.7598,3215.28
2025-07-16,22907.9707,6263.7002,3186.38
2025-07-17,23081.0508,6297.3599,3192.29
2025-07-18,23065.4707,6296.79,3188.07
2025-07-21,23180.0605,6305.6001,3210.81
2025-07-22,23063.5801,6309.6201,3169.94
2025-07-23,23162.4102,6358.9102,3183.77
2025-07-24,23219.8691,6363.3501,3190.45
2025-07-25,23272.25,6388.6401,3196.05
2025-07-28,23356.2695,6389.77,3209.52
2025-07-29,23308.3008,6370.8599,3230.57
2025-07-30,23345.4102,6362.8999,3254.47
2025-07-31,23218.1191,6339.3901,3245.44
2025-08-01,22763.3105,6238.0098,3119.41
2025-08-04,23188.6094,6329.9399,3147.75
2025-08-05,23018.5605,6299.1899,3198.0
2025-08-06,23315.0391,6345.0601,3198.14
2025-08-07,23389.5293,6340.0,3227.68
2025-08-08,23611.2695,6389.4502,3210.01
2025-08-11,23526.6309,6373.4502,3206.77
2025-08-12,23839.1992,6445.7598,3189.91
2025-08-13,23849.0391,6466.5801,3224.37
2025-08-14,23832.4395,6468.54,3225.66
2025-08-15,23712.0703,6449.7998,
2025-08-18,23713.7598,6449.1499,3177.28
2025-08-19,23384.7695,6411.3701,3151.56
2025-08-20,23249.5703,6395.7798,3130.09
2025-08-21,23142.5801,6370.1699,3141.74
2025-08-22,23498.1191,6466.9102,3168.73
2025-08-25,23425.6094,6439.3198,3209.86
2025-08-26,23525.2891,6465.9399,3179.36
2025-08-27,23565.8496,6481.3999,3187.16
2025-08-28,23703.4492,6501.8599,3196.32
2025-08-29,23415.4199,6460.2598,3186.01
2025-09-01,,,3142.93
2025-09-02,23231.1094,6415.54,3172.35
2025-09-03,23414.8398,6448.2598,3184.42
2025-09-04,23633.0098,6502.0801,3200.83
2025-09-05,23652.4395,6481.5,3205.12
2025-09-08,23762.3008,6495.1499,3219.59
2025-09-09,23839.8008,6512.6099,3260.05
2025-09-10,23849.2695,6532.04,3314.53
2025-09-11,23992.5605,6587.4702,3344.2
2025-09-12,24092.1895,6584.29,3395.54
2025-09-15,24293.7793,6615.2798,3407.31
2025-09-16,24274.25,6606.7598,3449.62
2025-09-17,24223.6895,6600.3501,3413.4
2025-09-18,24454.8906,6631.96,3461.3
2025-09-19,24626.25,6664.3599,3445.24
2025-09-22,24761.0703,6693.75,3468.65
2025-09-23,24580.1699,6656.9199,3486.19
2025-09-24,24503.5703,6637.9702,3472.14
2025-09-25,24397.3105,6604.7202,3471.11
2025-09-26,24503.8496,6643.7002,3386.05
2025-09-29,24611.3496,6661.21,3431.21
2025-09-30,24679.9902,6688.46,3424.6
2025-10-01,24800.8594,6711.2002,3455.83
2025-10-02,24892.7598,6715.3501,3549.21
2025-10-03,24785.5195,6715.79,
2025-10-06,24978.5605,6740.2798,
2025-10-07,24840.2305,6714.5898,
2025-10-08,25136.6191,6753.7202,
2025-10-09,25098.1797,6735.1099,
2025-10-10,24221.7402,6552.5098,3610.6
2025-10-13,24750.25,6654.7202,3584.55
2025-10-14,24579.3203,6644.3101,3561.81
2025-10-15,24745.3594,6671.0601,3657.28
2025-10-16,24657.2402,6629.0698,3748.37
2025-10-17,24817.9492,6664.0098,3748.89
2025-10-20,25141.0195,6735.1299,3814.69
2025-10-21,25127.1309,6735.3501,3823.84
2025-10-22,24879.0098,6699.3999,3883.68
2025-10-23,25097.4102,6738.4399,3845.56
2025-10-24,25358.1602,6791.6899,3941.59
2025-10-27,25821.5508,6875.1602,4042.83
2025-10-28,26012.1504,6890.8901,4010.41
2025-10-29,26119.8496,6890.5898,4081.15
2025-10-30,25734.8105,6822.3398,4086.89
2025-10-31,25858.1309,6840.2002,4107.5
2025-11-03,25972.9395,6851.9702,4221.87
2025-11-04,25435.6992,6771.5498,4121.74
2025-11-05,25620.0293,6796.29,4004.42
2025-11-06,25130.0391,6720.3198,4026.45
2025-11-07,25059.8105,6728.7998,3953.76
2025-11-10,25611.7402,6832.4302,4073.24
2025-11-11,25533.4902,6846.6099,4106.39
2025-11-12,25517.3301,6850.9199,4150.39
2025-11-13,24993.4609,6737.4902,4170.63
2025-11-14,25008.2402,6734.1099,4011.57
2025-11-17,24799.9199,6672.4102,4089.25
2025-11-18,24503.0996,6617.3198,3953.62
2025-11-19,24640.5195,6642.1602,3929.51
2025-11-20,24054.3809,6538.7598,4004.85
2025-11-21,24239.5703,6602.9902,3853.26
2025-11-24,24873.8496,6705.1201,3846.06
2025-11-25,25018.3594,6765.8799,3857.78
2025-11-26,25236.9395,6812.6099,3960.87
2025-11-27,,,3986.91
2025-11-28,25434.8906,6849.0898,3926.59
2025-12-01,25342.8496,6812.6299,3920.37
2025-12-02,25555.8594,6829.3701,3994.93
2025-12-03,25606.5391,6849.7202,4036.3
2025-12-04,25581.6992,6857.1201,4028.51
2025-12-05,25692.0508,6870.3999,4100.05
2025-12-08,25627.9492,6846.5098,4154.85
2025-12-09,25668.6895,6840.5098,4143.55
2025-12-10,25776.4395,6886.6802,4135.0
2025-12-11,25686.6895,6901.0,4110.62
2025-12-12,25196.7305,6827.4102,4167.16
2025-12-15,25067.2695,6816.5098,4090.59
2025-12-16,25132.9395,6800.2598,3999.13
2025-12-17,24647.6094,6721.4302,4056.41
2025-12-18,25019.3691,6774.7598,3994.51
2025-12-19,25346.1797,6834.5,4020.55
2025-12-22,25461.6992,6878.4902,4105.93
2025-12-23,25587.8301,6909.79,4117.32
2025-12-24,25656.1504,6932.0498,4108.62
2025-12-26,25644.3906,6929.9399,4129.68
2025-12-29,25525.5605,6905.7402,4220.56
2025-12-30,25462.5605,6896.2402,4214.17
2025-12-31,25249.8496,6845.5,
2026-01-02,25206.1699,6858.4702,4309.63
2026-01-05,25401.3203,6902.0498,4457.52
2026-01-06,25639.7109,6944.8198,4525.48
2026-01-07,25653.9004,6920.9302,4551.06
2026-01-08,25507.0996,6921.46,4552.37
2026-01-09,25766.2598,6966.2798,4586.32
2026-01-12,25787.6602,6977.27,4624.79
2026-01-13,25741.9492,6963.7402,4692.64
2026-01-14,25465.9395,6926.6001,4723.1
2026-01-15,25547.0703,6944.4702,4797.55
2026-01-16,25529.2598,6940.0098,4840.74
2026-01-19,,,4904.66
2026-01-20,24987.5703,6796.8599,4885.75
2026-01-21,25326.5801,6875.6201,4909.93
2026-01-22,25518.3496,6913.3501,4952.53
2026-01-23,25605.4707,6915.6099,4990.07
2026-01-26,25713.2109,6950.23,4949.59
2026-01-27,25939.7402,6978.6001,5084.85
2026-01-28,26022.7891,6978.0298,5170.81
2026-01-29,25884.3008,6969.0098,5221.25
2026-01-30,25552.3906,6939.0298,5224.36
2026-02-02,25738.6094,6976.4399,4949.67
2026-02-03,25338.6191,6917.8101,5288.08
2026-02-04,24891.2402,6882.7202,5371.1
2026-02-05,24548.6895,6798.3999,5163.57
2026-02-06,25075.7695,6932.2998,5089.14
2026-02-09,25268.1406,6964.8198,5298.04
2026-02-10,25127.6406,6941.8101,5301.69
2026-02-11,25201.2598,6941.4702,5354.49
2026-02-12,24687.6094,6832.7598,5522.27
2026-02-13,24732.7305,6836.1699,5507.01
2026-02-17,24701.5996,6843.2202,
2026-02-18,24898.8691,6881.3101,
2026-02-19,24797.3398,6861.8901,5677.25
2026-02-20,25012.6191,6909.5098,5808.53
2026-02-23,24708.9395,6837.75,5846.09
2026-02-24,24977.0391,6890.0698,5969.64
2026-02-25,25329.0391,6946.1299,6083.86
2026-02-26,25034.3691,6908.8599,6307.27
2026-02-27,24960.0391,6878.8799,6244.13
2026-03-02,24992.5996,6881.6201,
2026-03-03,24720.0801,6816.6299,5791.91
2026-03-04,25093.6797,6869.5,5093.54
2026-03-05,25020.4102,6830.71,5583.9
2026-03-06,24643.0195,6740.02,5584.87
2026-03-09,24967.25,6795.9902,5251.87
2026-03-10,24956.4707,6781.48,5532.59
2026-03-11,24965.0098,6775.7998,5609.95
2026-03-12,24533.5801,6672.6201,5583.25
2026-03-13,24380.7305,6632.1899,5487.24
2026-03-16,24655.3398,6699.3799,5549.85
2026-03-17,24780.4199,6716.0898,5640.48
2026-03-18,24425.0898,6624.7002,5925.03
2026-03-19,24355.2793,6606.4902,5763.22
2026-03-20,23898.1504,6506.48,5781.2
2026-03-23,24188.5898,6581.0,5405.75
2026-03-24,24002.4492,6556.3701,5553.92
2026-03-25,24162.9805,6591.8999,5642.21
2026-03-26,23586.9902,6477.1602,5460.46
2026-03-27,23132.7695,6368.8501,5438.87
2026-03-30,22953.3809,6343.7202,5277.3
2026-03-31,23740.1895,6528.52,5052.46
2026-04-01,24019.9902,6575.3198,5478.7
2026-04-02,24045.5293,6582.6899,5234.05
2026-04-03,,,5377.3
2026-04-06,24192.1699,6611.8301,5450.33
2026-04-07,24202.3691,6616.8501,5494.78
2026-04-08,24903.1699,6782.8101,5872.34
2026-04-09,25082.0898,6824.6602,5778.01
2026-04-10,25116.3398,6816.8901,5858.87
2026-04-13,25383.7207,6886.2402,5808.62
2026-04-14,25842.0,6967.3799,5967.75
2026-04-15,26204.5801,7022.9502,6091.39
2026-04-16,26333.0,7041.2798,6226.05
2026-04-17,26672.4297,7126.0601,6191.92
2026-04-20,26590.3398,7109.1401,6219.09
2026-04-21,26479.4707,7064.0098,6388.47
2026-04-22,26937.2793,7137.8999,6417.9302
2026-04-23,26782.6309,7108.3999,6475.8101
2026-04-24,27303.6699,7165.0801,6475.63
2026-04-27,27305.6797,7173.9102,6615.03
2026-04-28,27029.0098,7138.7998,6641.02
2026-04-29,27186.9805,7135.9502,6690.9
2026-04-30,27452.1191,7209.0098,6598.87
2026-05-01,27710.3594,7230.1201,
2026-05-04,27651.8203,7200.75,6936.9902
2026-05-05,28015.0605,7259.2202,
2026-05-06,28599.1699,7365.1201,7384.5601
2026-05-07,28563.9492,7337.1087,7490.0498
2026-05-08,29234.9902,7398.9329,7498.0
2026-05-11,29320.6602,7412.8425,7822.24
2026-05-12,29064.7988,7400.96,7643.15
